election_year,public_geography_id,municipality,label_french,label_dutch,label_german,valid_votes,blank_votes,list_vote_sum,party_list_count,vote_sum_reconciles,special_bucket,duplicate_nis_code,audit_status
2024,10998,Anvers (E5),Anvers (E5),Antwerpen (E5),Anvers (E5),11248,396,11248,12,true,true,false,blocked_special_bucket
2024,11001,Aartselaar,Aartselaar,Aartselaar,Aartselaar,10070,272,10070,12,true,false,false,bridge_safe
2024,11002,Antwerpen,Anvers,Antwerpen,Antwerpen,275304,11823,275304,12,true,false,false,bridge_safe
2024,11004,Boechout,Boechout,Boechout,Boechout,9495,237,9495,12,true,false,false,bridge_safe
2024,11005,Boom,Boom,Boom,Boom,11018,566,11018,12,true,false,false,bridge_safe
2024,11007,Borsbeek,Borsbeek,Borsbeek,Borsbeek,6536,295,6536,12,true,false,false,bridge_safe
2024,11008,Brasschaat,Brasschaat,Brasschaat,Brasschaat,25114,663,25114,12,true,false,false,bridge_safe
2024,11009,Brecht,Brecht,Brecht,Brecht,20188,676,20188,12,true,false,false,bridge_safe
2024,11013,Edegem,Edegem,Edegem,Edegem,15071,356,15071,12,true,false,false,bridge_safe
2024,11016,Essen,Essen,Essen,Essen,10932,371,10932,12,true,false,false,bridge_safe
2024,11018,Hemiksem,Hemiksem,Hemiksem,Hemiksem,7651,267,7651,12,true,false,false,bridge_safe
2024,11021,Hove,Hove,Hove,Hove,5917,80,5917,12,true,false,false,bridge_safe
2024,11022,Kalmthout,Kalmthout,Kalmthout,Kalmthout,12612,343,12612,12,true,false,false,bridge_safe
2024,11023,Kapellen,Kapellen,Kapellen,Kapellen,18180,533,18180,12,true,false,false,bridge_safe
2024,11024,Kontich,Kontich,Kontich,Kontich,14834,336,14834,12,true,false,false,bridge_safe
2024,11025,Lint,Lint,Lint,Lint,5909,133,5909,12,true,false,false,bridge_safe
2024,11029,Mortsel,Mortsel,Mortsel,Mortsel,16827,431,16827,12,true,false,false,bridge_safe
2024,11030,Niel,Niel,Niel,Niel,6954,305,6954,12,true,false,false,bridge_safe
2024,11035,Ranst,Ranst,Ranst,Ranst,13707,373,13707,12,true,false,false,bridge_safe
2024,11037,Rumst,Rumst,Rumst,Rumst,10628,274,10628,12,true,false,false,bridge_safe
2024,11038,Schelle,Schelle,Schelle,Schelle,5883,205,5883,12,true,false,false,bridge_safe
2024,11039,Schilde,Schilde,Schilde,Schilde,13598,220,13598,12,true,false,false,bridge_safe
2024,11040,Schoten,Schoten,Schoten,Schoten,22704,615,22704,12,true,false,false,bridge_safe
2024,11044,Stabroek,Stabroek,Stabroek,Stabroek,12600,446,12600,12,true,false,false,bridge_safe
2024,11050,Wijnegem,Wijnegem,Wijnegem,Wijnegem,6760,226,6760,12,true,false,false,bridge_safe
2024,11052,Wommelgem,Wommelgem,Wommelgem,Wommelgem,8589,253,8589,12,true,false,false,bridge_safe
2024,11053,Wuustwezel,Wuustwezel,Wuustwezel,Wuustwezel,13844,482,13844,12,true,false,false,bridge_safe
2024,11054,Zandhoven,Zandhoven,Zandhoven,Zandhoven,9405,271,9405,12,true,false,false,bridge_safe
2024,11055,Zoersel,Zoersel,Zoersel,Zoersel,15945,359,15945,12,true,false,false,bridge_safe
2024,11056,Zwijndrecht,Zwijndrecht,Zwijndrecht,Zwijndrecht,12128,449,12128,12,true,false,false,bridge_safe
2024,11057,Malle,Malle,Malle,Malle,10764,378,10764,12,true,false,false,bridge_safe
2024,12002,Berlaar,Berlaar,Berlaar,Berlaar,8344,333,8344,12,true,false,false,bridge_safe
2024,12005,Bonheiden,Bonheiden,Bonheiden,Bonheiden,10802,274,10802,12,true,false,false,bridge_safe
2024,12007,Bornem,Bornem,Bornem,Bornem,15896,506,15896,12,true,false,false,bridge_safe
2024,12009,Duffel,Duffel,Duffel,Duffel,12058,436,12058,12,true,false,false,bridge_safe
2024,12014,Heist-op-den-Berg,Heist-op-den-Berg,Heist-op-den-Berg,Heist-op-den-Berg,31007,1337,31007,12,true,false,false,bridge_safe
2024,12021,Lier,Lierre,Lier,Lier,25294,906,25294,12,true,false,false,bridge_safe
2024,12025,Mechelen,Malines,Mechelen,Mecheln,54145,2167,54145,12,true,false,false,bridge_safe
2024,12026,Nijlen,Nijlen,Nijlen,Nijlen,16940,647,16940,12,true,false,false,bridge_safe
2024,12029,Putte,Putte,Putte,Putte,13166,511,13166,12,true,false,false,bridge_safe
2024,12035,Sint-Katelijne-Waver,Sint-Katelijne-Waver,Sint-Katelijne-Waver,Sint-Katelijne-Waver,14665,553,14665,12,true,false,false,bridge_safe
2024,12040,Willebroek,Willebroek,Willebroek,Willebroek,17140,775,17140,12,true,false,false,bridge_safe
2024,12041,Puurs-Saint-Amands,Puurs-Saint-Amands,Puurs-Sint-Amands,Puurs-Saint-Amands,19043,553,19043,12,true,false,false,bridge_safe
2024,13001,Arendonk,Arendonk,Arendonk,Arendonk,8226,323,8226,12,true,false,false,bridge_safe
2024,13002,Baarle-Hertog,Baerle-Duc,Baarle-Hertog,Baarle-Hertog,998,36,998,12,true,false,false,bridge_safe
2024,13003,Balen,Balen,Balen,Balen,15648,751,15648,12,true,false,false,bridge_safe
2024,13004,Beerse,Beerse,Beerse,Beerse,12461,410,12461,12,true,false,false,bridge_safe
2024,13006,Dessel,Dessel,Dessel,Dessel,6447,274,6447,12,true,false,false,bridge_safe
2024,13008,Geel,Geel,Geel,Geel,27714,1140,27714,12,true,false,false,bridge_safe
2024,13010,Grobbendonk,Grobbendonk,Grobbendonk,Grobbendonk,8198,300,8198,12,true,false,false,bridge_safe
2024,13011,Herentals,Herentals,Herentals,Herentals,19662,826,19662,12,true,false,false,bridge_safe
2024,13012,Herenthout,Herenthout,Herenthout,Herenthout,6608,291,6608,12,true,false,false,bridge_safe
2024,13013,Herselt,Herselt,Herselt,Herselt,10465,460,10465,12,true,false,false,bridge_safe
2024,13014,Hoogstraten,Hoogstraten,Hoogstraten,Hoogstraten,11156,439,11156,12,true,false,false,bridge_safe
2024,13016,Hulshout,Hulshout,Hulshout,Hulshout,7449,376,7449,12,true,false,false,bridge_safe
2024,13017,Kasterlee,Kasterlee,Kasterlee,Kasterlee,13820,466,13820,12,true,false,false,bridge_safe
2024,13019,Lille,Lille,Lille,Lille,11915,456,11915,12,true,false,false,bridge_safe
2024,13021,Meerhout,Meerhout,Meerhout,Meerhout,7140,327,7140,12,true,false,false,bridge_safe
2024,13023,Merksplas,Merksplas,Merksplas,Merksplas,5783,213,5783,12,true,false,false,bridge_safe
2024,13025,Mol,Mol,Mol,Mol,24701,1031,24701,12,true,false,false,bridge_safe
2024,13029,Olen,Olen,Olen,Olen,8831,424,8831,12,true,false,false,bridge_safe
2024,13031,Oud-Turnhout,Oud-Turnhout,Oud-Turnhout,Oud-Turnhout,9210,289,9210,12,true,false,false,bridge_safe
2024,13035,Ravels,Ravels,Ravels,Ravels,7304,332,7304,12,true,false,false,bridge_safe
2024,13036,Retie,Retie,Retie,Retie,7649,294,7649,12,true,false,false,bridge_safe
2024,13037,Rijkevorsel,Rijkevorsel,Rijkevorsel,Rijkevorsel,7908,325,7908,12,true,false,false,bridge_safe
2024,13040,Turnhout,Turnhout,Turnhout,Turnhout,26354,1090,26354,12,true,false,false,bridge_safe
2024,13044,Vorselaar,Vorselaar,Vorselaar,Vorselaar,5725,187,5725,12,true,false,false,bridge_safe
2024,13046,Vosselaar,Vosselaar,Vosselaar,Vosselaar,8056,273,8056,12,true,false,false,bridge_safe
2024,13049,Westerlo,Westerlo,Westerlo,Westerlo,17895,757,17895,12,true,false,false,bridge_safe
2024,13053,Laakdal,Laakdal,Laakdal,Laakdal,11613,532,11613,12,true,false,false,bridge_safe
2024,21001,Anderlecht,Anderlecht,Anderlecht,Anderlecht,45136,3523,45136,17,true,false,false,bridge_safe
2024,21002,Auderghem,Auderghem,Oudergem,Auderghem,16193,761,16193,17,true,false,false,bridge_safe
2024,21003,Berchem-Sainte-Agathe,Berchem-Sainte-Agathe,Sint-Agatha-Berchem,Berchem-Sainte-Agathe,11895,814,11895,17,true,false,false,bridge_safe
2024,21004,Bruxelles,Bruxelles,Brussel,Brüssel,68034,4915,68034,17,true,false,false,bridge_safe
2024,21005,Etterbeek,Etterbeek,Etterbeek,Etterbeek,16610,952,16610,17,true,false,false,bridge_safe
2024,21006,Evere,Evere,Evere,Evere,17927,1400,17927,17,true,false,false,bridge_safe
2024,21007,Forest,Forest,Vorst,Forest,22679,1281,22679,17,true,false,false,bridge_safe
2024,21008,Ganshoren,Ganshoren,Ganshoren,Ganshoren,11387,819,11387,17,true,false,false,bridge_safe
2024,21009,Ixelles,Ixelles,Elsene,Ixelles,29393,1333,29393,17,true,false,false,bridge_safe
2024,21010,Jette,Jette,Jette,Jette,23644,1791,23644,17,true,false,false,bridge_safe
2024,21011,Koekelberg,Koekelberg,Koekelberg,Koekelberg,8455,571,8455,17,true,false,false,bridge_safe
2024,21012,Molenbeek-Saint-Jean,Molenbeek-Saint-Jean,Sint-Jans-Molenbeek,Molenbeek-Saint-Jean,36655,2878,36655,17,true,false,false,bridge_safe
2024,21013,Saint-Gilles,Saint-Gilles,Sint-Gillis,Saint-Gilles,15590,902,15590,17,true,false,false,bridge_safe
2024,21014,Saint-Josse-ten-Noode,Saint-Josse-ten-Noode,Sint-Joost-ten-Node,Saint-Josse-ten-Noode,8275,821,8275,17,true,false,false,bridge_safe
2024,21015,Schaerbeek,Schaerbeek,Schaarbeek,Schaerbeek,46617,3475,46617,17,true,false,false,bridge_safe
2024,21016,Uccle,Uccle,Ukkel,Uccle,37733,1598,37733,17,true,false,false,bridge_safe
2024,21017,Watermael-Boitsfort,Watermael-Boitsfort,Watermaal-Bosvoorde,Watermael-Boitsfort,13462,563,13462,17,true,false,false,bridge_safe
2024,21018,Woluwe-Saint-Lambert,Woluwe-Saint-Lambert,Sint-Lambrechts-Woluwe,Woluwe-Saint-Lambert,24048,1201,24048,17,true,false,false,bridge_safe
2024,21019,Woluwe-Saint-Pierre,Woluwe-Saint-Pierre,Sint-Pieters-Woluwe,Woluwe-Saint-Pierre,18162,615,18162,17,true,false,false,bridge_safe
2024,23098,Drogenbos,Drogenbos,Drogenbos,Drogenbos,1921,0,2511,28,false,false,false,blocked_vote_sum_mismatch
2024,23099,Kraainem,Kraainem,Kraainem,Kraainem,4562,0,6281,28,false,false,false,blocked_vote_sum_mismatch
2024,23100,Linkebeek,Linkebeek,Linkebeek,Linkebeek,2153,0,2713,27,false,false,false,blocked_vote_sum_mismatch
2024,23101,Rode-Saint-Genese,Rhode-Saint-Genèse,Sint-Genesius-Rode,Rhode-Saint-Genèse,6407,0,10048,28,false,false,false,blocked_vote_sum_mismatch
2024,23102,Wemmel,Wemmel,Wemmel,Wemmel,4960,0,9242,28,false,false,false,blocked_vote_sum_mismatch
2024,23103,Wezembeek-Oppem,Wezembeek-Oppem,Wezembeek-Oppem,Wezembeek-Oppem,5116,0,7508,28,false,false,false,blocked_vote_sum_mismatch
2024,21998,Bruxelles (E5),Bruxelles (E5),Brussel (E5),Bruxelles (E5),15548,902,15548,17,true,true,false,blocked_special_bucket
2024,23002,Asse,Asse,Asse,Asse,19767,1155,19767,11,true,false,false,bridge_safe
2024,23003,Beersel,Beersel,Beersel,Beersel,15430,853,15430,11,true,false,false,bridge_safe
2024,23009,Bever,Biévène,Bever,Biévène,1570,73,1570,11,true,false,false,bridge_safe
2024,23016,Dilbeek,Dilbeek,Dilbeek,Dilbeek,26242,1372,26242,11,true,false,false,bridge_safe
2024,23023,Galmaarden,Gammerages,Galmaarden,Galmaarden,6259,299,6259,11,true,false,false,bridge_safe
2024,23024,Gooik,Gooik,Gooik,Gooik,6562,274,6562,11,true,false,false,bridge_safe
2024,23025,Grimbergen,Grimbergen,Grimbergen,Grimbergen,22622,1226,22622,11,true,false,false,bridge_safe
2024,23027,Halle,Hal,Halle,Halle,25545,1381,25545,11,true,false,false,bridge_safe
2024,23032,Herne,Herne,Herne,Herne,4675,246,4675,11,true,false,false,bridge_safe
2024,23033,Hoeilaart,Hoeilaart,Hoeilaart,Hoeilaart,6611,255,6611,11,true,false,false,bridge_safe
2024,23038,Kampenhout,Kampenhout,Kampenhout,Kampenhout,8410,335,8410,11,true,false,false,bridge_safe
2024,23039,Kapelle-op-den-Bos,Kapelle-op-den-Bos,Kapelle-op-den-Bos,Kapelle-op-den-Bos,6642,575,6642,11,true,false,false,bridge_safe
2024,23044,Liedekerke,Liedekerke,Liedekerke,Liedekerke,8929,413,8929,11,true,false,false,bridge_safe
2024,23045,Londerzeel,Londerzeel,Londerzeel,Londerzeel,13124,490,13124,11,true,false,false,bridge_safe
2024,23047,Machelen,Machelen,Machelen,Machelen,8665,668,8665,11,true,false,false,bridge_safe
2024,23050,Meise,Meise,Meise,Meise,12749,527,12749,11,true,false,false,bridge_safe
2024,23052,Merchtem,Merchtem,Merchtem,Merchtem,11884,477,11884,11,true,false,false,bridge_safe
2024,23060,Opwijk,Opwijk,Opwijk,Opwijk,9968,392,9968,11,true,false,false,bridge_safe
2024,23062,Overijse,Overijse,Overijse,Overijse,14670,568,14670,11,true,false,false,bridge_safe
2024,23064,Pepingen,Pepingen,Pepingen,Pepingen,3192,116,3192,11,true,false,false,bridge_safe
2024,23077,Sint-Pieters-Leeuw,Sint-Pieters-Leeuw,Sint-Pieters-Leeuw,Sint-Pieters-Leeuw,19108,1521,19108,11,true,false,false,bridge_safe
2024,23081,Steenokkerzeel,Steenokkerzeel,Steenokkerzeel,Steenokkerzeel,8025,344,8025,11,true,false,false,bridge_safe
2024,23086,Ternat,Ternat,Ternat,Ternat,10848,450,10848,11,true,false,false,bridge_safe
2024,23088,Vilvoorde,Vilvorde,Vilvoorde,Vilvoorde,24227,1808,24227,11,true,false,false,bridge_safe
2024,23094,Zaventem,Zaventem,Zaventem,Zaventem,17468,1188,17468,11,true,false,false,bridge_safe
2024,23096,Zemst,Zemst,Zemst,Zemst,16091,546,16091,11,true,false,false,bridge_safe
2024,23097,Roosdaal,Roosdaal,Roosdaal,Roosdaal,8131,339,8131,11,true,false,false,bridge_safe
2024,23104,Lennik,Lennik,Lennik,Lennik,6344,231,6344,11,true,false,false,bridge_safe
2024,23105,Affligem,Affligem,Affligem,Affligem,9120,329,9120,11,true,false,false,bridge_safe
2024,24001,Aarschot,Aarschot,Aarschot,Aarschot,21424,1045,21424,11,true,false,false,bridge_safe
2024,24007,Begijnendijk,Begijnendijk,Begijnendijk,Begijnendijk,7711,360,7711,11,true,false,false,bridge_safe
2024,24008,Bekkevoort,Bekkevoort,Bekkevoort,Bekkevoort,4584,201,4584,11,true,false,false,bridge_safe
2024,24009,Bertem,Bertem,Bertem,Bertem,6676,223,6676,11,true,false,false,bridge_safe
2024,24011,Bierbeek,Bierbeek,Bierbeek,Bierbeek,7167,189,7167,11,true,false,false,bridge_safe
2024,24014,Boortmeerbeek,Boortmeerbeek,Boortmeerbeek,Boortmeerbeek,9003,298,9003,11,true,false,false,bridge_safe
2024,24016,Boutersem,Boutersem,Boutersem,Boutersem,5953,207,5953,11,true,false,false,bridge_safe
2024,24020,Diest,Diest,Diest,Diest,16784,817,16784,11,true,false,false,bridge_safe
2024,24028,Geetbets,Geetbets,Geetbets,Geetbets,4317,193,4317,11,true,false,false,bridge_safe
2024,24033,Haacht,Haacht,Haacht,Haacht,10654,418,10654,11,true,false,false,bridge_safe
2024,24038,Herent,Herent,Herent,Herent,15406,455,15406,11,true,false,false,bridge_safe
2024,24041,Hoegaarden,Hoegaarden,Hoegaarden,Hoegaarden,4749,204,4749,11,true,false,false,bridge_safe
2024,24043,Holsbeek,Holsbeek,Holsbeek,Holsbeek,7168,215,7168,11,true,false,false,bridge_safe
2024,24045,Huldenberg,Huldenberg,Huldenberg,Huldenberg,6491,262,6491,11,true,false,false,bridge_safe
2024,24048,Keerbergen,Keerbergen,Keerbergen,Keerbergen,9246,254,9246,11,true,false,false,bridge_safe
2024,24054,Kortenaken,Kortenaken,Kortenaken,Kortenaken,5718,287,5718,11,true,false,false,bridge_safe
2024,24055,Kortenberg,Kortenberg,Kortenberg,Kortenberg,12917,498,12917,11,true,false,false,bridge_safe
2024,24059,Landen,Landen,Landen,Landen,10719,688,10719,11,true,false,false,bridge_safe
2024,24062,Leuven,Louvain,Leuven,Löwen,59632,1562,59632,11,true,false,false,bridge_safe
2024,24066,Lubbeek,Lubbeek,Lubbeek,Lubbeek,10629,241,10629,11,true,false,false,bridge_safe
2024,24086,Oud-Heverlee,Oud-Heverlee,Oud-Heverlee,Oud-Heverlee,7837,194,7837,11,true,false,false,bridge_safe
2024,24094,Rotselaar,Rotselaar,Rotselaar,Rotselaar,12355,381,12355,11,true,false,false,bridge_safe
2024,24104,Tervuren,Tervuren,Tervuren,Tervuren,12134,450,12134,11,true,false,false,bridge_safe
2024,24107,Tienen,Tirlemont,Tienen,Tienen,22902,1372,22902,11,true,false,false,bridge_safe
2024,24109,Tremelo,Tremelo,Tremelo,Tremelo,10759,433,10759,11,true,false,false,bridge_safe
2024,24130,Zoutleeuw,Léau,Zoutleeuw,Zoutleeuw,6122,288,6122,11,true,false,false,bridge_safe
2024,24133,Linter,Linter,Linter,Linter,5224,232,5224,11,true,false,false,bridge_safe
2024,24134,Scherpenheuvel-Zichem,Scherpenheuvel-Zichem,Scherpenheuvel-Zichem,Scherpenheuvel-Zichem,16775,871,16775,11,true,false,false,bridge_safe
2024,24135,Tielt-Winge,Tielt-Winge,Tielt-Winge,Tielt-Winge,7982,352,7982,11,true,false,false,bridge_safe
2024,24137,Glabbeek,Glabbeek,Glabbeek,Glabbeek,3866,138,3866,11,true,false,false,bridge_safe
2024,24998,Louvain (E5),Louvain (E5),Leuven (E5),Louvain (E5),5871,483,5871,11,true,true,false,blocked_special_bucket
2024,25005,Beauvechain,Beauvechain,Bevekom,Beauvechain,4707,216,4707,14,true,false,false,bridge_safe
2024,25014,Braine-l'Alleud,Braine-l'Alleud,Braine-l'Alleud,Braine-l'Alleud,24106,1279,24106,14,true,false,false,bridge_safe
2024,25015,Braine-le-Chateau,Braine-le-Château,Kasteelbrakel,Braine-le-Château,6473,400,6473,14,true,false,false,bridge_safe
2024,25018,Chaumont-Gistoux,Chaumont-Gistoux,Chaumont-Gistoux,Chaumont-Gistoux,7854,281,7854,14,true,false,false,bridge_safe
2024,25023,Court-Saint-Etienne,Court-Saint-Etienne,Court-Saint-Etienne,Court-Saint-Etienne,6710,346,6710,14,true,false,false,bridge_safe
2024,25031,Genappe,Genappe,Genepiën,Genappe,10159,536,10159,14,true,false,false,bridge_safe
2024,25037,Grez-Doiceau,Grez-Doiceau,Graven,Grez-Doiceau,8781,390,8781,14,true,false,false,bridge_safe
2024,25043,Incourt,Incourt,Incourt,Incourt,3572,196,3572,14,true,false,false,bridge_safe
2024,25044,Ittre,Ittre,Itter,Ittre,4097,255,4097,14,true,false,false,bridge_safe
2024,25048,Jodoigne,Jodoigne,Geldenaken,Jodoigne,9108,636,9108,14,true,false,false,bridge_safe
2024,25050,La Hulpe,La Hulpe,Terhulpen,La Hulpe,4353,164,4353,14,true,false,false,bridge_safe
2024,25068,Mont-Saint-Guibert,Mont-Saint-Guibert,Mont-Saint-Guibert,Mont-Saint-Guibert,5422,261,5422,14,true,false,false,bridge_safe
2024,25072,Nivelles,Nivelles,Nijvel,Nivelles,18296,1087,18296,14,true,false,false,bridge_safe
2024,25084,Perwez,Perwez,Perwijs,Perwez,6217,383,6217,14,true,false,false,bridge_safe
2024,25091,Rixensart,Rixensart,Rixensart,Rixensart,13982,545,13982,14,true,false,false,bridge_safe
2024,25105,Tubize,Tubize,Tubeke,Tubize,14536,1343,14536,14,true,false,false,bridge_safe
2024,25107,Villers-la-Ville,Villers-la-Ville,Villers-la-Ville,Villers-la-Ville,7233,310,7233,14,true,false,false,bridge_safe
2024,25110,Waterloo,Waterloo,Waterloo,Waterloo,17044,694,17044,14,true,false,false,bridge_safe
2024,25112,Wavre,Wavre,Waver,Wavre,20697,1287,20697,14,true,false,false,bridge_safe
2024,25117,Chastre,Chastre,Chastre,Chastre,5104,224,5104,14,true,false,false,bridge_safe
2024,25118,Helecine,Hélécine,Hélécine,Hélécine,2367,196,2367,14,true,false,false,bridge_safe
2024,25119,Lasne,Lasne,Lasne,Lasne,9124,223,9124,14,true,false,false,bridge_safe
2024,25120,Orp-Jauche,Orp-Jauche,Orp-Jauche,Orp-Jauche,5765,400,5765,14,true,false,false,bridge_safe
2024,25121,Ottignies-Louvain-la-Neuve,Ottignies-Louvain-la-Neuve,Ottignies-Louvain-la-Neuve,Ottignies-Louvain-la-Neuve,18718,914,18718,14,true,false,false,bridge_safe
2024,25122,Ramillies,Ramillies,Ramillies,Ramillies,4360,226,4360,14,true,false,false,bridge_safe
2024,25123,Rebecq,Rebecq,Rebecq,Rebecq,6511,456,6511,14,true,false,false,bridge_safe
2024,25124,Walhain,Walhain,Walhain,Walhain,5018,197,5018,14,true,false,false,bridge_safe
2024,25998,Nivelles (E5),Nivelles (E5),Nivelles (E5),Nivelles (E5),4830,272,4830,14,true,true,false,blocked_special_bucket
2024,30998,Bruges (E5),Bruges (E5),Brugge (E5),Bruges (E5),6380,264,6380,9,true,true,false,blocked_special_bucket
2024,31003,Beernem,Beernem,Beernem,Beernem,11257,477,11257,9,true,false,false,bridge_safe
2024,31004,Blankenberge,Blankenberge,Blankenberge,Blankenberge,13758,840,13758,9,true,false,false,bridge_safe
2024,31005,Brugge,Bruges,Brugge,Brügge,79708,3030,79708,9,true,false,false,bridge_safe
2024,31006,Damme,Damme,Damme,Damme,7796,401,7796,9,true,false,false,bridge_safe
2024,31012,Jabbeke,Jabbeke,Jabbeke,Jabbeke,10752,340,10752,9,true,false,false,bridge_safe
2024,31022,Oostkamp,Oostkamp,Oostkamp,Oostkamp,16932,691,16932,9,true,false,false,bridge_safe
2024,31033,Torhout,Torhout,Torhout,Torhout,14298,749,14298,9,true,false,false,bridge_safe
2024,31040,Zedelgem,Zedelgem,Zedelgem,Zedelgem,16427,768,16427,9,true,false,false,bridge_safe
2024,31042,Zuienkerke,Zuienkerke,Zuienkerke,Zuienkerke,1998,67,1998,9,true,false,false,bridge_safe
2024,31043,Knokke-Heist,Knokke-Heist,Knokke-Heist,Knokke-Heist,21875,728,21875,9,true,false,false,bridge_safe
2024,32003,Diksmuide,Dixmude,Diksmuide,Dixmuide,11748,585,11748,9,true,false,false,bridge_safe
2024,32006,Houthulst,Houthulst,Houthulst,Houthulst,6821,435,6821,9,true,false,false,bridge_safe
2024,32010,Koekelare,Koekelare,Koekelare,Koekelare,6066,388,6066,9,true,false,false,bridge_safe
2024,32011,Kortemark,Kortemark,Kortemark,Kortemark,8730,531,8730,9,true,false,false,bridge_safe
2024,32030,Lo-Reninge,Lo-Reninge,Lo-Reninge,Lo-Reninge,2155,91,2155,9,true,false,false,bridge_safe
2024,33011,Ieper,Ypres,Ieper,Ieper,23592,1308,23592,9,true,false,false,bridge_safe
2024,33016,Mesen,Mesen,Mesen,Mesen,585,76,585,9,true,false,false,bridge_safe
2024,33021,Poperinge,Poperinge,Poperinge,Poperinge,13506,808,13506,9,true,false,false,bridge_safe
2024,33029,Wervik,Wervik,Wervik,Wervik,11961,829,11961,9,true,false,false,bridge_safe
2024,33037,Zonnebeke,Zonnebeke,Zonnebeke,Zonnebeke,8782,481,8782,9,true,false,false,bridge_safe
2024,33039,Heuvelland,Heuvelland,Heuvelland,Heuvelland,5284,369,5284,9,true,false,false,bridge_safe
2024,33040,Langemark-Poelkapelle,Langemark-Poelkapelle,Langemark-Poelkapelle,Langemark-Poelkapelle,5539,269,5539,9,true,false,false,bridge_safe
2024,33041,Vleteren,Vleteren,Vleteren,Vleteren,2458,129,2458,9,true,false,false,bridge_safe
2024,34002,Anzegem,Anzegem,Anzegem,Anzegem,10737,444,10737,9,true,false,false,bridge_safe
2024,34003,Avelgem,Avelgem,Avelgem,Avelgem,6994,377,6994,9,true,false,false,bridge_safe
2024,34009,Deerlijk,Deerlijk,Deerlijk,Deerlijk,8863,412,8863,9,true,false,false,bridge_safe
2024,34013,Harelbeke,Harelbeke,Harelbeke,Harelbeke,19905,1080,19905,9,true,false,false,bridge_safe
2024,34022,Kortrijk,Courtrai,Kortrijk,Kortrijk,50698,1997,50698,9,true,false,false,bridge_safe
2024,34023,Kuurne,Kuurne,Kuurne,Kuurne,9474,429,9474,9,true,false,false,bridge_safe
2024,34025,Lendelede,Lendelede,Lendelede,Lendelede,4155,161,4155,9,true,false,false,bridge_safe
2024,34027,Menen,Menin,Menen,Menen,20022,1406,20022,9,true,false,false,bridge_safe
2024,34040,Waregem,Waregem,Waregem,Waregem,27240,1292,27240,9,true,false,false,bridge_safe
2024,34041,Wevelgem,Wevelgem,Wevelgem,Wevelgem,21854,1051,21854,9,true,false,false,bridge_safe
2024,34042,Zwevegem,Zwevegem,Zwevegem,Zwevegem,17872,849,17872,9,true,false,false,bridge_safe
2024,34043,Spiere-Helkijn,Espierres-Helchin,Spiere-Helkijn,Espierres-Helchin,1225,165,1225,9,true,false,false,bridge_safe
2024,35002,Bredene,Bredene,Bredene,Bredene,12466,597,12466,9,true,false,false,bridge_safe
2024,35005,Gistel,Gistel,Gistel,Gistel,8518,445,8518,9,true,false,false,bridge_safe
2024,35006,Ichtegem,Ichtegem,Ichtegem,Ichtegem,9972,582,9972,9,true,false,false,bridge_safe
2024,35011,Middelkerke,Middelkerke,Middelkerke,Middelkerke,14171,681,14171,9,true,false,false,bridge_safe
2024,35013,Oostende,Ostende,Oostende,Ostende,45366,2030,45366,9,true,false,false,bridge_safe
2024,35014,Oudenburg,Oudenburg,Oudenburg,Oudenburg,6831,345,6831,9,true,false,false,bridge_safe
2024,35029,De Haan,De Haan,De Haan,De Haan,9121,413,9121,9,true,false,false,bridge_safe
2024,36006,Hooglede,Hooglede,Hooglede,Hooglede,7027,345,7027,9,true,false,false,bridge_safe
2024,36007,Ingelmunster,Ingelmunster,Ingelmunster,Ingelmunster,7853,399,7853,9,true,false,false,bridge_safe
2024,36008,Izegem,Izegem,Izegem,Izegem,19284,940,19284,9,true,false,false,bridge_safe
2024,36010,Ledegem,Ledegem,Ledegem,Ledegem,6741,345,6741,9,true,false,false,bridge_safe
2024,36011,Lichtervelde,Lichtervelde,Lichtervelde,Lichtervelde,6525,319,6525,9,true,false,false,bridge_safe
2024,36012,Moorslede,Moorslede,Moorslede,Moorslede,7711,464,7711,9,true,false,false,bridge_safe
2024,36015,Roeselare,Roeselare,Roeselare,Roeselare,41117,1840,41117,9,true,false,false,bridge_safe
2024,36019,Staden,Staden,Staden,Staden,7594,408,7594,9,true,false,false,bridge_safe
2024,37002,Dentergem,Dentergem,Dentergem,Dentergem,6070,253,6070,9,true,false,false,bridge_safe
2024,37007,Meulebeke,Meulebeke,Meulebeke,Meulebeke,7638,362,7638,9,true,false,false,bridge_safe
2024,37010,Oostrozebeke,Oostrozebeke,Oostrozebeke,Oostrozebeke,5451,314,5451,9,true,false,false,bridge_safe
2024,37011,Pittem,Pittem,Pittem,Pittem,4804,246,4804,9,true,false,false,bridge_safe
2024,37012,Ruiselede,Ruiselede,Ruiselede,Ruiselede,3843,177,3843,9,true,false,false,bridge_safe
2024,37015,Tielt,Tielt,Tielt,Tielt,13689,665,13689,9,true,false,false,bridge_safe
2024,37017,Wielsbeke,Wielsbeke,Wielsbeke,Wielsbeke,6882,295,6882,9,true,false,false,bridge_safe
2024,37018,Wingene,Wingene,Wingene,Wingene,10444,591,10444,9,true,false,false,bridge_safe
2024,37020,Ardooie,Ardooie,Ardooie,Ardooie,6444,310,6444,9,true,false,false,bridge_safe
2024,38002,Alveringem,Alveringem,Alveringem,Alveringem,3402,163,3402,9,true,false,false,bridge_safe
2024,38008,De Panne,La Panne,De Panne,De Panne,7060,462,7060,9,true,false,false,bridge_safe
2024,38014,Koksijde,Koksijde,Koksijde,Koksijde,15686,587,15686,9,true,false,false,bridge_safe
2024,38016,Nieuwpoort,Nieuport,Nieuwpoort,Nieuwpoort,7993,469,7993,9,true,false,false,bridge_safe
2024,38025,Veurne,Veurne,Veurne,Veurne,8586,391,8586,9,true,false,false,bridge_safe
2024,40998,Gand (E5),Gand (E5),Gent (E5),Gand (E5),7592,665,7592,11,true,true,false,blocked_special_bucket
2024,41002,Aalst,Alost,Aalst,Aalst,56397,2405,56397,11,true,false,false,bridge_safe
2024,41011,Denderleeuw,Denderleeuw,Denderleeuw,Denderleeuw,13049,742,13049,11,true,false,false,bridge_safe
2024,41018,Geraardsbergen,Grammont,Geraardsbergen,Geraardsbergen,23050,1203,23050,11,true,false,false,bridge_safe
2024,41024,Haaltert,Haaltert,Haaltert,Haaltert,13306,541,13306,11,true,false,false,bridge_safe
2024,41027,Herzele,Herzele,Herzele,Herzele,13054,616,13054,11,true,false,false,bridge_safe
2024,41034,Lede,Lede,Lede,Lede,13491,570,13491,11,true,false,false,bridge_safe
2024,41048,Ninove,Ninove,Ninove,Ninove,26609,1341,26609,11,true,false,false,bridge_safe
2024,41063,Sint-Lievens-Houtem,Sint-Lievens-Houtem,Sint-Lievens-Houtem,Sint-Lievens-Houtem,7503,286,7503,11,true,false,false,bridge_safe
2024,41081,Zottegem,Zottegem,Zottegem,Zottegem,19323,854,19323,11,true,false,false,bridge_safe
2024,41082,Erpe-Mere,Erpe-Mere,Erpe-Mere,Erpe-Mere,14271,578,14271,11,true,false,false,bridge_safe
2024,42003,Berlare,Berlare,Berlare,Berlare,10872,444,10872,11,true,false,false,bridge_safe
2024,42004,Buggenhout,Buggenhout,Buggenhout,Buggenhout,10387,414,10387,11,true,false,false,bridge_safe
2024,42006,Dendermonde,Dendermonde,Dendermonde,Dendermonde,31969,1259,31969,11,true,false,false,bridge_safe
2024,42008,Hamme,Hamme,Hamme,Hamme,17220,632,17220,11,true,false,false,bridge_safe
2024,42010,Laarne,Laarne,Laarne,Laarne,9049,350,9049,11,true,false,false,bridge_safe
2024,42011,Lebbeke,Lebbeke,Lebbeke,Lebbeke,13603,570,13603,11,true,false,false,bridge_safe
2024,42023,Waasmunster,Waasmunster,Waasmunster,Waasmunster,7868,196,7868,11,true,false,false,bridge_safe
2024,42025,Wetteren,Wetteren,Wetteren,Wetteren,17706,898,17706,11,true,false,false,bridge_safe
2024,42026,Wichelen,Wichelen,Wichelen,Wichelen,8510,353,8510,11,true,false,false,bridge_safe
2024,42028,Zele,Zele,Zele,Zele,13685,578,13685,11,true,false,false,bridge_safe
2024,43002,Assenede,Assenede,Assenede,Assenede,10199,479,10199,11,true,false,false,bridge_safe
2024,43005,Eeklo,Eeklo,Eeklo,Eeklo,14117,861,14117,11,true,false,false,bridge_safe
2024,43007,Kaprijke,Kaprijke,Kaprijke,Kaprijke,4656,234,4656,11,true,false,false,bridge_safe
2024,43010,Maldegem,Maldegem,Maldegem,Maldegem,17133,897,17133,11,true,false,false,bridge_safe
2024,43014,Sint-Laureins,Sint-Laureins,Sint-Laureins,Sint-Laureins,4906,222,4906,11,true,false,false,bridge_safe
2024,43018,Zelzate,Zelzate,Zelzate,Zelzate,8009,427,8009,11,true,false,false,bridge_safe
2024,44012,De Pinte,De Pinte,De Pinte,De Pinte,7940,162,7940,11,true,false,false,bridge_safe
2024,44013,Destelbergen,Destelbergen,Destelbergen,Destelbergen,13326,388,13326,11,true,false,false,bridge_safe
2024,44019,Evergem,Evergem,Evergem,Evergem,24982,916,24982,11,true,false,false,bridge_safe
2024,44020,Gavere,Gavere,Gavere,Gavere,9442,422,9442,11,true,false,false,bridge_safe
2024,44021,Gent,Gand,Gent,Gent,160154,6393,160154,11,true,false,false,bridge_safe
2024,44034,Lochristi,Lochristi,Lochristi,Lochristi,16124,569,16124,11,true,false,false,bridge_safe
2024,44040,Melle,Melle,Melle,Melle,8161,260,8161,11,true,false,false,bridge_safe
2024,44043,Merelbeke,Merelbeke,Merelbeke,Merelbeke,17440,581,17440,11,true,false,false,bridge_safe
2024,44045,Moerbeke,Moerbeke,Moerbeke,Moerbeke,4598,212,4598,11,true,false,false,bridge_safe
2024,44048,Nazareth,Nazareth,Nazareth,Nazareth,8617,313,8617,11,true,false,false,bridge_safe
2024,44052,Oosterzele,Oosterzele,Oosterzele,Oosterzele,10040,361,10040,11,true,false,false,bridge_safe
2024,44064,Sint-Martens-Latem,Sint-Martens-Latem,Sint-Martens-Latem,Sint-Martens-Latem,5897,114,5897,11,true,false,false,bridge_safe
2024,44073,Wachtebeke,Wachtebeke,Wachtebeke,Wachtebeke,5307,295,5307,11,true,false,false,bridge_safe
2024,44081,Zulte,Zulte,Zulte,Zulte,11020,507,11020,11,true,false,false,bridge_safe
2024,44083,Deinze,Deinze,Deinze,Deinze,30933,1169,30933,11,true,false,false,bridge_safe
2024,44084,Aalter,Aalter,Aalter,Aalter,20659,879,20659,11,true,false,false,bridge_safe
2024,44085,Lievegem,Lievegem,Lievegem,Lievegem,18952,720,18952,11,true,false,false,bridge_safe
2024,45035,Oudenaarde,Audenarde,Oudenaarde,Oudenaarde,22412,1060,22412,11,true,false,false,bridge_safe
2024,45041,Ronse,Renaix,Ronse,Renaix,15212,1545,15212,11,true,false,false,bridge_safe
2024,45059,Brakel,Brakel,Brakel,Brakel,10612,497,10612,11,true,false,false,bridge_safe
2024,45060,Kluisbergen,Kluisbergen,Kluisbergen,Kluisbergen,4659,262,4659,11,true,false,false,bridge_safe
2024,45061,Wortegem-Petegem,Wortegem-Petegem,Wortegem-Petegem,Wortegem-Petegem,4697,188,4697,11,true,false,false,bridge_safe
2024,45062,Horebeke,Horebeke,Horebeke,Horebeke,1454,51,1454,11,true,false,false,bridge_safe
2024,45063,Lierde,Lierde,Lierde,Lierde,4819,215,4819,11,true,false,false,bridge_safe
2024,45064,Maarkedal,Maarkedal,Maarkedal,Maarkedal,4532,184,4532,11,true,false,false,bridge_safe
2024,45065,Zwalm,Zwalm,Zwalm,Zwalm,6074,278,6074,11,true,false,false,bridge_safe
2024,45068,Kruisem,Kruisem,Kruisem,Kruisem,11413,480,11413,11,true,false,false,bridge_safe
2024,46003,Beveren,Beveren,Beveren,Beveren,33695,1260,33695,11,true,false,false,bridge_safe
2024,46013,Kruibeke,Kruibeke,Kruibeke,Kruibeke,11491,396,11491,11,true,false,false,bridge_safe
2024,46014,Lokeren,Lokeren,Lokeren,Lokeren,27827,1446,27827,11,true,false,false,bridge_safe
2024,46020,Sint-Gillis-Waas,Sint-Gillis-Waas,Sint-Gillis-Waas,Sint-Gillis-Waas,13920,541,13920,11,true,false,false,bridge_safe
2024,46021,Sint-Niklaas,Saint-Nicolas,Sint-Niklaas,Sint-Niklaas,49348,2044,49348,11,true,false,false,bridge_safe
2024,46024,Stekene,Stekene,Stekene,Stekene,13402,540,13402,11,true,false,false,bridge_safe
2024,46025,Temse,Temse,Temse,Temse,20212,766,20212,11,true,false,false,bridge_safe
2024,50998,Mons (E5),Mons (E5),Bergen (E5),Mons (E5),9383,717,9383,12,true,true,false,blocked_special_bucket
2024,51004,Ath,Ath,Aat,Ath,19336,1604,19336,12,true,false,false,bridge_safe
2024,51008,Beloeil,Beloeil,Beloeil,Beloeil,8362,917,8362,12,true,false,false,bridge_safe
2024,51009,Bernissart,Bernissart,Bernissart,Bernissart,6719,703,6719,12,true,false,false,bridge_safe
2024,51012,Brugelette,Brugelette,Brugelette,Brugelette,2289,228,2289,12,true,false,false,bridge_safe
2024,51014,Chievres,Chièvres,Chièvres,Chièvres,4369,467,4369,12,true,false,false,bridge_safe
2024,51017,Ellezelles,Ellezelles,Elzele,Ellezelles,3859,320,3859,12,true,false,false,bridge_safe
2024,51019,Flobecq,Flobecq,Vloesberg,Flobecq,2175,170,2175,12,true,false,false,bridge_safe
2024,51065,Frasnes-lez-Anvaing,Frasnes-lez-Anvaing,Frasnes-lez-Anvaing,Frasnes-lez-Anvaing,7631,604,7631,12,true,false,false,bridge_safe
2024,51067,Enghien,Enghien,Edingen,Enghien,8699,664,8699,12,true,false,false,bridge_safe
2024,51068,Silly,Silly,Silly,Silly,5569,278,5569,12,true,false,false,bridge_safe
2024,51069,Lessines,Lessines,Lessen,Lessines,10913,1223,10913,12,true,false,false,bridge_safe
2024,52010,Chapelle-lez-Herlaimont,Chapelle-lez-Herlaimont,Chapelle-lez-Herlaimont,Chapelle-lez-Herlaimont,7850,952,7850,12,true,false,false,bridge_safe
2024,52011,Charleroi,Charleroi,Charleroi,Charleroi,94687,12432,94687,12,true,false,false,bridge_safe
2024,52012,Chatelet,Châtelet,Châtelet,Châtelet,18140,2071,18140,12,true,false,false,bridge_safe
2024,52015,Courcelles,Courcelles,Courcelles,Courcelles,17094,1939,17094,12,true,false,false,bridge_safe
2024,52018,Farciennes,Farciennes,Farciennes,Farciennes,4630,451,4630,12,true,false,false,bridge_safe
2024,52021,Fleurus,Fleurus,Fleurus,Fleurus,12946,1286,12946,12,true,false,false,bridge_safe
2024,52022,Fontaine-l'Eveque,Fontaine-l'Evêque,Fontaine-l'Evêque,Fontaine-l'Evêque,9313,1132,9313,12,true,false,false,bridge_safe
2024,52025,Gerpinnes,Gerpinnes,Gerpinnes,Gerpinnes,7336,775,7336,12,true,false,false,bridge_safe
2024,52048,Montigny-le-Tilleul,Montigny-le-Tilleul,Montigny-le-Tilleul,Montigny-le-Tilleul,6291,452,6291,12,true,false,false,bridge_safe
2024,52055,Pont-a-Celles,Pont-à-Celles,Pont-à-Celles,Pont-à-Celles,10844,842,10844,12,true,false,false,bridge_safe
2024,52074,Aiseau-Presles,Aiseau-Presles,Aiseau-Presles,Aiseau-Presles,6565,752,6565,12,true,false,false,bridge_safe
2024,52075,Les Bons Villers,Les Bons Villers,Les Bons Villers,Les Bons Villers,6120,399,6120,12,true,false,false,bridge_safe
2024,53014,Boussu,Boussu,Boussu,Boussu,10095,1423,10095,12,true,false,false,bridge_safe
2024,53020,Dour,Dour,Dour,Dour,9104,1246,9104,12,true,false,false,bridge_safe
2024,53028,Frameries,Frameries,Frameries,Frameries,10913,1285,10913,12,true,false,false,bridge_safe
2024,53039,Hensies,Hensies,Hensies,Hensies,4063,398,4063,12,true,false,false,bridge_safe
2024,53044,Jurbise,Jurbise,Jurbeke,Jurbise,6675,333,6675,12,true,false,false,bridge_safe
2024,53046,Lens,Lens,Lens,Lens,2884,148,2884,12,true,false,false,bridge_safe
2024,53053,Mons,Mons,Bergen,Mons,48967,4878,48967,12,true,false,false,bridge_safe
2024,53065,Quaregnon,Quaregnon,Quaregnon,Quaregnon,9267,1362,9267,12,true,false,false,bridge_safe
2024,53068,Quievrain,Quiévrain,Quiévrain,Quiévrain,3635,542,3635,12,true,false,false,bridge_safe
2024,53070,Saint-Ghislain,Saint-Ghislain,Saint-Ghislain,Saint-Ghislain,13274,1302,13274,12,true,false,false,bridge_safe
2024,53082,Colfontaine,Colfontaine,Colfontaine,Colfontaine,10253,1854,10253,12,true,false,false,bridge_safe
2024,53083,Honnelles,Honnelles,Honnelles,Honnelles,3244,317,3244,12,true,false,false,bridge_safe
2024,53084,Quevy,Quévy,Quévy,Quévy,4911,746,4911,12,true,false,false,bridge_safe
2024,55004,Braine-le-Comte,Braine-le-Comte,s Gravenbrakel,Braine-le-Comte,13698,992,13698,12,true,false,false,bridge_safe
2024,55035,Le Roeulx,Le Roeulx,Le Roeulx,Le Roeulx,5328,464,5328,12,true,false,false,bridge_safe
2024,55040,Soignies,Soignies,Zinnik,Soignies,16858,1214,16858,12,true,false,false,bridge_safe
2024,55050,Ecaussinnes,Ecaussinnes,Ecaussinnes,Ecaussinnes,7000,596,7000,12,true,false,false,bridge_safe
2024,55085,Seneffe,Seneffe,Seneffe,Seneffe,6672,442,6672,12,true,false,false,bridge_safe
2024,55086,Manage,Manage,Manage,Manage,12971,1461,12971,12,true,false,false,bridge_safe
2024,56001,Anderlues,Anderlues,Anderlues,Anderlues,6764,766,6764,12,true,false,false,bridge_safe
2024,56005,Beaumont,Beaumont,Beaumont,Beaumont,4451,415,4451,12,true,false,false,bridge_safe
2024,56016,Chimay,Chimay,Chimay,Chimay,5848,680,5848,12,true,false,false,bridge_safe
2024,56022,Erquelinnes,Erquelinnes,Erquelinnes,Erquelinnes,5584,681,5584,12,true,false,false,bridge_safe
2024,56029,Froidchapelle,Froidchapelle,Froidchapelle,Froidchapelle,2578,255,2578,12,true,false,false,bridge_safe
2024,56044,Lobbes,Lobbes,Lobbes,Lobbes,3808,266,3808,12,true,false,false,bridge_safe
2024,56049,Merbes-le-Chateau,Merbes-le-Château,Merbes-le-Château,Merbes-le-Château,2543,221,2543,12,true,false,false,bridge_safe
2024,56051,Momignies,Momignies,Momignies,Momignies,3063,362,3063,12,true,false,false,bridge_safe
2024,56078,Thuin,Thuin,Thuin,Thuin,9268,668,9268,12,true,false,false,bridge_safe
2024,56086,Ham-sur-Heure-Nalinnes,Ham-sur-Heure-Nalinnes,Ham-sur-Heure-Nalinnes,Ham-sur-Heure-Nalinnes,9222,498,9222,12,true,false,false,bridge_safe
2024,56088,Sivry-Rance,Sivry-Rance,Sivry-Rance,Sivry-Rance,3132,323,3132,12,true,false,false,bridge_safe
2024,57003,Antoing,Antoing,Antoing,Antoing,4436,545,4436,12,true,false,false,bridge_safe
2024,57018,Celles (lez-Tournai),Celles (lez-Tournai),Celles (lez-Tournai),Celles (lez-Tournai),3623,346,3623,12,true,false,false,bridge_safe
2024,57027,Estaimpuis,Estaimpuis,Estaimpuis,Estaimpuis,4769,507,4769,12,true,false,false,bridge_safe
2024,57062,Pecq,Pecq,Pecq,Pecq,3100,358,3100,12,true,false,false,bridge_safe
2024,57064,Peruwelz,Péruwelz,Péruwelz,Péruwelz,9688,1271,9688,12,true,false,false,bridge_safe
2024,57072,Rumes,Rumes,Rumes,Rumes,3239,340,3239,12,true,false,false,bridge_safe
2024,57081,Tournai,Tournai,Doornik,Tournai,38079,3656,38079,12,true,false,false,bridge_safe
2024,57093,Brunehaut,Brunehaut,Brunehaut,Brunehaut,4790,516,4790,12,true,false,false,bridge_safe
2024,57094,Leuze-en-Hainaut,Leuze-en-Hainaut,Leuze-en-Hainaut,Leuze-en-Hainaut,8642,846,8642,12,true,false,false,bridge_safe
2024,57095,Mont-de-l'Enclus,Mont-de-l'Enclus,Mont-de-l'Enclus,Mont-de-l'Enclus,2507,251,2507,12,true,false,false,bridge_safe
2024,57096,Mouscron,Mouscron,Moeskroen,Mouscron,26892,3645,26892,12,true,false,false,bridge_safe
2024,57097,Comines-Warneton,Comines-Warneton,Komen-Waasten,Comines-Warneton,7423,1347,7423,12,true,false,false,bridge_safe
2024,58001,La Louvière,La Louvière,La Louvière,La Louvière,39910,4963,39910,12,true,false,false,bridge_safe
2024,58002,Binche,Binche,Binche,Binche,19220,1923,19220,12,true,false,false,bridge_safe
2024,58003,Estinnes,Estinnes,Estinnes,Estinnes,4956,445,4956,12,true,false,false,bridge_safe
2024,58004,Morlanwelz,Morlanwelz,Morlanwelz,Morlanwelz,10063,1159,10063,12,true,false,false,bridge_safe
2024,60998,Liège (E5),Liège (E5),Luik (E5),Liège (E5),8256,598,8256,12,true,true,false,blocked_special_bucket
2024,61003,Amay,Amay,Amay,Amay,8650,818,8650,12,true,false,false,bridge_safe
2024,61010,Burdinne,Burdinne,Burdinne,Burdinne,2203,127,2203,12,true,false,false,bridge_safe
2024,61012,Clavier,Clavier,Clavier,Clavier,3168,186,3168,12,true,false,false,bridge_safe
2024,61019,Ferrieres,Ferrières,Ferrières,Ferrières,3406,199,3406,12,true,false,false,bridge_safe
2024,61024,Hamoir,Hamoir,Hamoir,Hamoir,2400,200,2400,12,true,false,false,bridge_safe
2024,61028,Heron,Héron,Héron,Héron,3507,247,3507,12,true,false,false,bridge_safe
2024,61031,Huy,Huy,Hoei,Huy,12222,1138,12222,12,true,false,false,bridge_safe
2024,61039,Marchin,Marchin,Marchin,Marchin,3519,243,3519,12,true,false,false,bridge_safe
2024,61041,Modave,Modave,Modave,Modave,2733,185,2733,12,true,false,false,bridge_safe
2024,61043,Nandrin,Nandrin,Nandrin,Nandrin,3879,165,3879,12,true,false,false,bridge_safe
2024,61048,Ouffet,Ouffet,Ouffet,Ouffet,1851,146,1851,12,true,false,false,bridge_safe
2024,61063,Verlaine,Verlaine,Verlaine,Verlaine,2936,116,2936,12,true,false,false,bridge_safe
2024,61068,Villers-le-Bouillet,Villers-le-Bouillet,Villers-le-Bouillet,Villers-le-Bouillet,4268,306,4268,12,true,false,false,bridge_safe
2024,61072,Wanze,Wanze,Wanze,Wanze,8798,569,8798,12,true,false,false,bridge_safe
2024,61079,Anthisnes,Anthisnes,Anthisnes,Anthisnes,2816,187,2816,12,true,false,false,bridge_safe
2024,61080,Engis,Engis,Engis,Engis,3586,382,3586,12,true,false,false,bridge_safe
2024,61081,Tinlot,Tinlot,Tinlot,Tinlot,1787,104,1787,12,true,false,false,bridge_safe
2024,62003,Ans,Ans,Ans,Ans,15841,1302,15841,12,true,false,false,bridge_safe
2024,62006,Awans,Awans,Awans,Awans,5765,304,5765,12,true,false,false,bridge_safe
2024,62009,Aywaille,Aywaille,Aywaille,Aywaille,8150,559,8150,12,true,false,false,bridge_safe
2024,62011,Bassenge,Bassenge,Bitsingen,Bassenge,5359,448,5359,12,true,false,false,bridge_safe
2024,62015,Beyne-Heusay,Beyne-Heusay,Beyne-Heusay,Beyne-Heusay,6770,547,6770,12,true,false,false,bridge_safe
2024,62022,Chaudfontaine,Chaudfontaine,Chaudfontaine,Chaudfontaine,13544,471,13544,12,true,false,false,bridge_safe
2024,62026,Comblain-au-Pont,Comblain-au-Pont,Comblain-au-Pont,Comblain-au-Pont,3094,233,3094,12,true,false,false,bridge_safe
2024,62027,Dalhem,Dalhem,Dalhem,Dalhem,4943,254,4943,12,true,false,false,bridge_safe
2024,62032,Esneux,Esneux,Esneux,Esneux,8460,413,8460,12,true,false,false,bridge_safe
2024,62038,Fleron,Fléron,Fléron,Fléron,9708,713,9708,12,true,false,false,bridge_safe
2024,62051,Herstal,Herstal,Herstal,Herstal,19395,1863,19395,12,true,false,false,bridge_safe
2024,62060,Juprelle,Juprelle,Juprelle,Juprelle,6167,330,6167,12,true,false,false,bridge_safe
2024,62063,Liege,Liège,Luik,Lüttich,95726,8117,95726,12,true,false,false,bridge_safe
2024,62079,Oupeye,Oupeye,Oupeye,Oupeye,14776,1145,14776,12,true,false,false,bridge_safe
2024,62093,Saint-Nicolas (Liège),Saint-Nicolas (Liège),Saint-Nicolas (Liège),Saint-Nicolas (Lüttich),11142,1216,11142,12,true,false,false,bridge_safe
2024,62096,Seraing,Seraing,Seraing,Seraing,31631,3015,31631,12,true,false,false,bridge_safe
2024,62099,Soumagne,Soumagne,Soumagne,Soumagne,10542,736,10542,12,true,false,false,bridge_safe
2024,62100,Sprimont,Sprimont,Sprimont,Sprimont,9766,460,9766,12,true,false,false,bridge_safe
2024,62108,Vise,Visé,Wezet,Visé,10484,767,10484,12,true,false,false,bridge_safe
2024,62118,Grace-Hollogne,Grâce-Hollogne,Grâce-Hollogne,Grâce-Hollogne,11363,1280,11363,12,true,false,false,bridge_safe
2024,62119,Blegny,Blegny,Blegny,Blegny,8715,468,8715,12,true,false,false,bridge_safe
2024,62120,Flemalle,Flémalle,Flémalle,Flémalle,15191,1205,15191,12,true,false,false,bridge_safe
2024,62121,Neupre,Neupré,Neupré,Neupré,6734,307,6734,12,true,false,false,bridge_safe
2024,62122,Trooz,Trooz,Trooz,Trooz,4900,319,4900,12,true,false,false,bridge_safe
2024,63001,Amel,Amblève,Amel,Amel,3046,719,3046,12,true,false,false,bridge_safe
2024,63003,Aubel,Aubel,Aubel,Aubel,3493,196,3493,12,true,false,false,bridge_safe
2024,63004,Baelen,Baelen,Baelen,Baelen,2746,215,2746,12,true,false,false,bridge_safe
2024,63012,Bullange,Bullange,Büllingen,Büllingen,3009,649,3009,12,true,false,false,bridge_safe
2024,63013,Butgenbach,Butgenbach,Bütgenbach,Bütgenbach,2995,662,2995,12,true,false,false,bridge_safe
2024,63020,Dison,Dison,Dison,Dison,7100,900,7100,12,true,false,false,bridge_safe
2024,63023,Eupen,Eupen,Eupen,Eupen,10281,1454,10281,12,true,false,false,bridge_safe
2024,63035,Herve,Herve,Herve,Herve,11426,699,11426,12,true,false,false,bridge_safe
2024,63038,Jalhay,Jalhay,Jalhay,Jalhay,5782,347,5782,12,true,false,false,bridge_safe
2024,63040,La Calamine,La Calamine,Kelmis,Kelmis,4121,598,4121,12,true,false,false,bridge_safe
2024,63045,Lierneux,Lierneux,Lierneux,Lierneux,2210,206,2210,12,true,false,false,bridge_safe
2024,63046,Limbourg,Limbourg,Limburg,Limburg,3547,270,3547,12,true,false,false,bridge_safe
2024,63048,Lontzen,Lontzen,Lontzen,Lontzen,2953,380,2953,12,true,false,false,bridge_safe
2024,63049,Malmedy,Malmedy,Malmedy,Malmedy,7940,655,7940,12,true,false,false,bridge_safe
2024,63057,Olne,Olne,Olne,Olne,2788,131,2788,12,true,false,false,bridge_safe
2024,63058,Pepinster,Pepinster,Pepinster,Pepinster,5578,512,5578,12,true,false,false,bridge_safe
2024,63061,Raeren,Raeren,Raeren,Raeren,3469,585,3469,12,true,false,false,bridge_safe
2024,63067,Saint-Vith,Saint-Vith,Sankt Vith,Sankt Vith,5264,1216,5264,12,true,false,false,bridge_safe
2024,63072,Spa,Spa,Spa,Spa,5552,528,5552,12,true,false,false,bridge_safe
2024,63073,Stavelot,Stavelot,Stavelot,Stavelot,4410,346,4410,12,true,false,false,bridge_safe
2024,63075,Stoumont,Stoumont,Stoumont,Stoumont,2055,148,2055,12,true,false,false,bridge_safe
2024,63076,Theux,Theux,Theux,Theux,7800,571,7800,12,true,false,false,bridge_safe
2024,63079,Verviers,Verviers,Verviers,Verviers,27427,3021,27427,12,true,false,false,bridge_safe
2024,63080,Waimes,Waimes,Weismes,Weismes,4714,375,4714,12,true,false,false,bridge_safe
2024,63084,Welkenraedt,Welkenraedt,Welkenraedt,Welkenraedt,6163,483,6163,12,true,false,false,bridge_safe
2024,63086,Trois-Ponts,Trois-Ponts,Trois-Ponts,Trois-Ponts,1588,126,1588,12,true,false,false,bridge_safe
2024,63087,Burg-Reuland,Burg-Reuland,Burg-Reuland,Burg-Reuland,1845,558,1845,12,true,false,false,bridge_safe
2024,63088,Plombieres,Plombières,Plombières,Plombières,5320,532,5320,12,true,false,false,bridge_safe
2024,63089,Thimister-Clermont,Thimister-Clermont,Thimister-Clermont,Thimister-Clermont,3755,204,3755,12,true,false,false,bridge_safe
2024,64008,Berloz,Berloz,Berloz,Berloz,2108,167,2108,12,true,false,false,bridge_safe
2024,64015,Braives,Braives,Braives,Braives,4496,326,4496,12,true,false,false,bridge_safe
2024,64021,Crisnee,Crisnée,Crisnée,Crisnée,2335,137,2335,12,true,false,false,bridge_safe
2024,64023,Donceel,Donceel,Donceel,Donceel,2151,122,2151,12,true,false,false,bridge_safe
2024,64025,Fexhe-le-Haut-Clocher,Fexhe-le-Haut-Clocher,Fexhe-le-Haut-Clocher,Fexhe-le-Haut-Clocher,2132,140,2132,12,true,false,false,bridge_safe
2024,64029,Geer,Geer,Geer,Geer,2340,179,2340,12,true,false,false,bridge_safe
2024,64034,Hannut,Hannut,Hannuit,Hannut,9721,780,9721,12,true,false,false,bridge_safe
2024,64047,Lincent,Lincent,Lijsem,Lincent,4157,317,4157,12,true,false,false,bridge_safe
2024,64056,Oreye,Oreye,Oerle,Oreye,2598,172,2598,12,true,false,false,bridge_safe
2024,64063,Remicourt,Remicourt,Remicourt,Remicourt,3928,228,3928,12,true,false,false,bridge_safe
2024,64065,Saint-Georges-sur-Meuse,Saint-Georges-sur-Meuse,Saint-Georges-sur-Meuse,Saint-Georges-sur-Meuse,4317,427,4317,12,true,false,false,bridge_safe
2024,64074,Waremme,Waremme,Borgworm,Waremme,9698,757,9698,12,true,false,false,bridge_safe
2024,64075,Wasseiges,Wasseiges,Wasseiges,Wasseiges,1051,98,1051,12,true,false,false,bridge_safe
2024,64076,Faimes,Faimes,Faimes,Faimes,2771,155,2771,12,true,false,false,bridge_safe
2024,70998,Hasselt (E5),Hasselt (E5),Hasselt (E5),Hasselt (E5),3673,315,3673,10,true,true,false,blocked_special_bucket
2024,71002,As,As,As,As,5488,303,5488,10,true,false,false,bridge_safe
2024,71004,Beringen,Beringen,Beringen,Beringen,30939,1638,30939,10,true,false,false,bridge_safe
2024,71011,Diepenbeek,Diepenbeek,Diepenbeek,Diepenbeek,13543,574,13543,10,true,false,false,bridge_safe
2024,71016,Genk,Genk,Genk,Genk,41278,2306,41278,10,true,false,false,bridge_safe
2024,71017,Gingelom,Gingelom,Gingelom,Gingelom,5969,303,5969,10,true,false,false,bridge_safe
2024,71020,Halen,Halen,Halen,Halen,6553,333,6553,10,true,false,false,bridge_safe
2024,71022,Hasselt,Hasselt,Hasselt,Hasselt,54180,2239,54180,10,true,false,false,bridge_safe
2024,71024,Herk-de-Stad,Herck-la-Ville,Herk-de-Stad,Herk-de-Stad,8962,488,8962,10,true,false,false,bridge_safe
2024,71034,Leopoldsburg,Bourg-Léopold,Leopoldsburg,Leopoldsburg,10470,533,10470,10,true,false,false,bridge_safe
2024,71037,Lummen,Lummen,Lummen,Lummen,10601,536,10601,10,true,false,false,bridge_safe
2024,71045,Nieuwerkerken,Nieuwerkerken,Nieuwerkerken,Nieuwerkerken,4994,288,4994,10,true,false,false,bridge_safe
2024,71053,Sint-Truiden,Saint-Trond,Sint-Truiden,Sint-Truiden,28193,1279,28193,10,true,false,false,bridge_safe
2024,71057,Tessenderlo,Tessenderlo,Tessenderlo,Tessenderlo,13002,652,13002,10,true,false,false,bridge_safe
2024,71066,Zonhoven,Zonhoven,Zonhoven,Zonhoven,15049,711,15049,10,true,false,false,bridge_safe
2024,71067,Zutendaal,Zutendaal,Zutendaal,Zutendaal,4909,190,4909,10,true,false,false,bridge_safe
2024,71069,Ham,Ham,Ham,Ham,7690,377,7690,10,true,false,false,bridge_safe
2024,71070,Heusden-Zolder,Heusden-Zolder,Heusden-Zolder,Heusden-Zolder,22263,1018,22263,10,true,false,false,bridge_safe
2024,72003,Bocholt,Bocholt,Bocholt,Bocholt,8387,430,8387,10,true,false,false,bridge_safe
2024,72004,Bree,Bree,Bree,Bree,11041,535,11041,10,true,false,false,bridge_safe
2024,72018,Kinrooi,Kinrooi,Kinrooi,Kinrooi,7105,387,7105,10,true,false,false,bridge_safe
2024,72020,Lommel,Lommel,Lommel,Lommel,20681,1037,20681,10,true,false,false,bridge_safe
2024,72021,Maaseik,Maaseik,Maaseik,Maaseik,15428,812,15428,10,true,false,false,bridge_safe
2024,72030,Peer,Peer,Peer,Peer,11298,529,11298,10,true,false,false,bridge_safe
2024,72037,Hamont-Achel,Hamont-Achel,Hamont-Achel,Hamont-Achel,6671,338,6671,10,true,false,false,bridge_safe
2024,72038,Hechtel-Eksel,Hechtel-Eksel,Hechtel-Eksel,Hechtel-Eksel,8268,385,8268,10,true,false,false,bridge_safe
2024,72039,Houthalen-Helchteren,Houthalen-Helchteren,Houthalen-Helchteren,Houthalen-Helchteren,19477,1187,19477,10,true,false,false,bridge_safe
2024,72041,Dilsen-Stokkem,Dilsen-Stokkem,Dilsen-Stokkem,Dilsen-Stokkem,13233,692,13233,10,true,false,false,bridge_safe
2024,72042,Oudsbergen,Oudsbergen,Oudsbergen,Oudsbergen,16383,882,16383,10,true,false,false,bridge_safe
2024,72043,Pelt,Pelt,Pelt,Pelt,20175,966,20175,10,true,false,false,bridge_safe
2024,73001,Alken,Alken,Alken,Alken,8439,384,8439,10,true,false,false,bridge_safe
2024,73006,Bilzen,Bilzen,Bilzen,Bilzen,22150,1077,22150,10,true,false,false,bridge_safe
2024,73009,Borgloon,Looz,Borgloon,Borgloon,7910,482,7910,10,true,false,false,bridge_safe
2024,73022,Heers,Heers,Heers,Heers,5309,294,5309,10,true,false,false,bridge_safe
2024,73028,Herstappe,Herstappe,Herstappe,Herstappe,53,2,53,10,true,false,false,bridge_safe
2024,73032,Hoeselt,Hoeselt,Hoeselt,Hoeselt,7015,334,7015,10,true,false,false,bridge_safe
2024,73040,Kortessem,Kortessem,Kortessem,Kortessem,6158,320,6158,10,true,false,false,bridge_safe
2024,73042,Lanaken,Lanaken,Lanaken,Lanaken,12861,625,12861,10,true,false,false,bridge_safe
2024,73066,Riemst,Riemst,Riemst,Riemst,9718,471,9718,10,true,false,false,bridge_safe
2024,73083,Tongeren,Tongres,Tongeren,Tongern,21212,1111,21212,10,true,false,false,bridge_safe
2024,73098,Wellen,Wellen,Wellen,Wellen,5334,327,5334,10,true,false,false,bridge_safe
2024,73107,Maasmechelen,Maasmechelen,Maasmechelen,Maasmechelen,22613,1497,22613,10,true,false,false,bridge_safe
2024,73109,Fourons,Fourons,Voeren,Fourons,1415,96,1415,10,true,false,false,bridge_safe
2024,80998,Arlon (E5),Arlon (E5),Arlon (E5),Arlon (E5),4342,372,4342,9,true,true,false,blocked_special_bucket
2024,81001,Arlon,Arlon,Aarlen,Arlon,15710,1609,15710,9,true,false,false,bridge_safe
2024,81003,Attert,Attert,Attert,Attert,3471,281,3471,9,true,false,false,bridge_safe
2024,81004,Aubange,Aubange,Aubange,Aubange,7126,1115,7126,9,true,false,false,bridge_safe
2024,81013,Martelange,Martelange,Martelange,Martelange,1088,119,1088,9,true,false,false,bridge_safe
2024,81015,Messancy,Messancy,Messancy,Messancy,4474,513,4474,9,true,false,false,bridge_safe
2024,82003,Bastogne,Bastogne,Bastenaken,Bastogne,9684,1076,9684,9,true,false,false,bridge_safe
2024,82005,Bertogne,Bertogne,Bertogne,Bertogne,2269,242,2269,9,true,false,false,bridge_safe
2024,82009,Fauvillers,Fauvillers,Fauvillers,Fauvillers,1526,102,1526,9,true,false,false,bridge_safe
2024,82014,Houffalize,Houffalize,Houffalize,Houffalize,3202,338,3202,9,true,false,false,bridge_safe
2024,82032,Vielsalm,Vielsalm,Vielsalm,Vielsalm,4510,519,4510,9,true,false,false,bridge_safe
2024,82036,Vaux-sur-Sure,Vaux-sur-Sûre,Vaux-sur-Sûre,Vaux-sur-Sûre,3810,351,3810,9,true,false,false,bridge_safe
2024,82037,Gouvy,Gouvy,Gouvy,Gouvy,3135,336,3135,9,true,false,false,bridge_safe
2024,82038,Sainte-Ode,Sainte-Ode,Sainte-Ode,Sainte-Ode,1608,146,1608,9,true,false,false,bridge_safe
2024,83012,Durbuy,Durbuy,Durbuy,Durbuy,7215,513,7215,9,true,false,false,bridge_safe
2024,83013,Erezee,Erezée,Erezée,Erezée,2257,190,2257,9,true,false,false,bridge_safe
2024,83028,Hotton,Hotton,Hotton,Hotton,3433,435,3433,9,true,false,false,bridge_safe
2024,83031,La Roche-en-Ardenne,La Roche-en-Ardenne,La Roche-en-Ardenne,La Roche-en-Ardenne,2718,206,2718,9,true,false,false,bridge_safe
2024,83034,Marche-en-Famenne,Marche-en-Famenne,Marche-en-Famenne,Marche-en-Famenne,11076,1123,11076,9,true,false,false,bridge_safe
2024,83040,Nassogne,Nassogne,Nassogne,Nassogne,3554,296,3554,9,true,false,false,bridge_safe
2024,83044,Rendeux,Rendeux,Rendeux,Rendeux,1716,131,1716,9,true,false,false,bridge_safe
2024,83049,Tenneville,Tenneville,Tenneville,Tenneville,1929,131,1929,9,true,false,false,bridge_safe
2024,83055,Manhay,Manhay,Manhay,Manhay,2310,206,2310,9,true,false,false,bridge_safe
2024,84009,Bertrix,Bertrix,Bertrix,Bertrix,5426,569,5426,9,true,false,false,bridge_safe
2024,84010,Bouillon,Bouillon,Bouillon,Bouillon,3025,404,3025,9,true,false,false,bridge_safe
2024,84016,Daverdisse,Daverdisse,Daverdisse,Daverdisse,834,145,834,9,true,false,false,bridge_safe
2024,84029,Herbeumont,Herbeumont,Herbeumont,Herbeumont,1053,117,1053,9,true,false,false,bridge_safe
2024,84033,Leglise,Léglise,Léglise,Léglise,3417,310,3417,9,true,false,false,bridge_safe
2024,84035,Libin,Libin,Libin,Libin,3306,298,3306,9,true,false,false,bridge_safe
2024,84043,Neufchateau,Neufchâteau,Neufchâteau,Neufchâteau,4912,545,4912,9,true,false,false,bridge_safe
2024,84050,Paliseul,Paliseul,Paliseul,Paliseul,3344,453,3344,9,true,false,false,bridge_safe
2024,84059,Saint-Hubert,Saint-Hubert,Saint-Hubert,Saint-Hubert,3444,393,3444,9,true,false,false,bridge_safe
2024,84068,Tellin,Tellin,Tellin,Tellin,1626,153,1626,9,true,false,false,bridge_safe
2024,84075,Wellin,Wellin,Wellin,Wellin,2065,177,2065,9,true,false,false,bridge_safe
2024,84077,Libramont-Chevigny,Libramont-Chevigny,Libramont-Chevigny,Libramont-Chevigny,7204,641,7204,9,true,false,false,bridge_safe
2024,85007,Chiny,Chiny,Chiny,Chiny,3264,348,3264,9,true,false,false,bridge_safe
2024,85009,Etalle,Etalle,Etalle,Etalle,3296,372,3296,9,true,false,false,bridge_safe
2024,85011,Florenville,Florenville,Florenville,Florenville,3431,495,3431,9,true,false,false,bridge_safe
2024,85024,Meix-Devant-Virton,Meix-Devant-Virton,Meix-Devant-Virton,Meix-Devant-Virton,1834,162,1834,9,true,false,false,bridge_safe
2024,85026,Musson,Musson,Musson,Musson,2613,332,2613,9,true,false,false,bridge_safe
2024,85034,Saint-Leger,Saint-Léger,Saint-Léger,Saint-Léger,2216,236,2216,9,true,false,false,bridge_safe
2024,85039,Tintigny,Tintigny,Tintigny,Tintigny,3357,317,3357,9,true,false,false,bridge_safe
2024,85045,Virton,Virton,Virton,Virton,6613,818,6613,9,true,false,false,bridge_safe
2024,85046,Habay,Habay,Habay,Habay,5074,488,5074,9,true,false,false,bridge_safe
2024,85047,Rouvroy,Rouvroy,Rouvroy,Rouvroy,1349,113,1349,9,true,false,false,bridge_safe
2024,90998,Namur (E5),Namur (E5),Namen (E5),Namur (E5),3425,501,3425,12,true,true,false,blocked_special_bucket
2024,91005,Anhee,Anhée,Anhée,Anhée,4437,424,4437,12,true,false,false,bridge_safe
2024,91013,Beauraing,Beauraing,Beauraing,Beauraing,6030,509,6030,12,true,false,false,bridge_safe
2024,91015,Bievre,Bièvre,Bièvre,Bièvre,2245,202,2245,12,true,false,false,bridge_safe
2024,91030,Ciney,Ciney,Ciney,Ciney,10520,962,10520,12,true,false,false,bridge_safe
2024,91034,Dinant,Dinant,Dinant,Dinant,7836,857,7836,12,true,false,false,bridge_safe
2024,91054,Gedinne,Gedinne,Gedinne,Gedinne,2968,250,2968,12,true,false,false,bridge_safe
2024,91059,Hamois,Hamois,Hamois,Hamois,4750,320,4750,12,true,false,false,bridge_safe
2024,91064,Havelange,Havelange,Havelange,Havelange,3381,228,3381,12,true,false,false,bridge_safe
2024,91072,Houyet,Houyet,Houyet,Houyet,3242,246,3242,12,true,false,false,bridge_safe
2024,91103,Onhaye,Onhaye,Onhaye,Onhaye,2090,181,2090,12,true,false,false,bridge_safe
2024,91114,Rochefort,Rochefort,Rochefort,Rochefort,7708,758,7708,12,true,false,false,bridge_safe
2024,91120,Somme-Leuze,Somme-Leuze,Somme-Leuze,Somme-Leuze,3844,343,3844,12,true,false,false,bridge_safe
2024,91141,Yvoir,Yvoir,Yvoir,Yvoir,5827,399,5827,12,true,false,false,bridge_safe
2024,91142,Hastiere,Hastière,Hastière,Hastière,3620,455,3620,12,true,false,false,bridge_safe
2024,91143,Vresse-sur-Semois,Vresse-sur-Semois,Vresse-sur-Semois,Vresse-sur-Semois,1552,142,1552,12,true,false,false,bridge_safe
2024,92003,Andenne,Andenne,Andenne,Andenne,16497,1744,16497,12,true,false,false,bridge_safe
2024,92006,Assesse,Assesse,Assesse,Assesse,4847,218,4847,12,true,false,false,bridge_safe
2024,92035,Eghezee,Eghezée,Eghezée,Eghezée,10826,759,10826,12,true,false,false,bridge_safe
2024,92045,Floreffe,Floreffe,Floreffe,Floreffe,5191,337,5191,12,true,false,false,bridge_safe
2024,92048,Fosses-la-Ville,Fosses-la-Ville,Fosses-la-Ville,Fosses-la-Ville,6349,579,6349,12,true,false,false,bridge_safe
2024,92054,Gesves,Gesves,Gesves,Gesves,4896,278,4896,12,true,false,false,bridge_safe
2024,92087,Mettet,Mettet,Mettet,Mettet,8567,757,8567,12,true,false,false,bridge_safe
2024,92094,Namur,Namur,Namen,Namur,66217,4732,66217,12,true,false,false,bridge_safe
2024,92097,Ohey,Ohey,Ohey,Ohey,3452,220,3452,12,true,false,false,bridge_safe
2024,92101,Profondeville,Profondeville,Profondeville,Profondeville,8023,483,8023,12,true,false,false,bridge_safe
2024,92114,Sombreffe,Sombreffe,Sombreffe,Sombreffe,5203,392,5203,12,true,false,false,bridge_safe
2024,92137,Sambreville,Sambreville,Sambreville,Sambreville,16215,1816,16215,12,true,false,false,bridge_safe
2024,92138,Fernelmont,Fernelmont,Fernelmont,Fernelmont,5430,310,5430,12,true,false,false,bridge_safe
2024,92140,Jemeppe-sur-Sambre,Jemeppe-sur-Sambre,Jemeppe-sur-Sambre,Jemeppe-sur-Sambre,11794,1137,11794,12,true,false,false,bridge_safe
2024,92141,la Bruyere,La Bruyère,La Bruyère,La Bruyère,6279,304,6279,12,true,false,false,bridge_safe
2024,92142,Gembloux,Gembloux,Gembloux,Gembloux,16845,901,16845,12,true,false,false,bridge_safe
2024,93010,Cerfontaine,Cerfontaine,Cerfontaine,Cerfontaine,3279,269,3279,12,true,false,false,bridge_safe
2024,93014,Couvin,Couvin,Couvin,Couvin,8827,1078,8827,12,true,false,false,bridge_safe
2024,93018,Doische,Doische,Doische,Doische,1850,194,1850,12,true,false,false,bridge_safe
2024,93022,Florennes,Florennes,Florennes,Florennes,6947,775,6947,12,true,false,false,bridge_safe
2024,93056,Philippeville,Philippeville,Philippeville,Philippeville,5850,665,5850,12,true,false,false,bridge_safe
2024,93088,Walcourt,Walcourt,Walcourt,Walcourt,11739,1024,11739,12,true,false,false,bridge_safe
2024,93090,Viroinval,Viroinval,Viroinval,Viroinval,2891,395,2891,12,true,false,false,bridge_safe
