factor_id,coverage_scope,public_geography_id,bridge_municipality,factor_municipality,factor_value,factor_match,coverage_status
age65,bridge_safe_2025_geography,11001,Aartselaar,Aartselaar,25.707657,true,matched_factor_source
age65,bridge_safe_2025_geography,11002,Antwerpen,Anvers,16.052792,true,matched_factor_source
age65,bridge_safe_2025_geography,11004,Boechout,Boechout,24.386786,true,matched_factor_source
age65,bridge_safe_2025_geography,11005,Boom,Boom,16.911286,true,matched_factor_source
age65,bridge_safe_2025_geography,11008,Brasschaat,Brasschaat,27.353422,true,matched_factor_source
age65,bridge_safe_2025_geography,11009,Brecht,Brecht,23.488864,true,matched_factor_source
age65,bridge_safe_2025_geography,11013,Edegem,Edegem,25.078066,true,matched_factor_source
age65,bridge_safe_2025_geography,11016,Essen,Essen,21.651162,true,matched_factor_source
age65,bridge_safe_2025_geography,11018,Hemiksem,Hemiksem,18.722926,true,matched_factor_source
age65,bridge_safe_2025_geography,11021,Hove,Hove,27.0,true,matched_factor_source
age65,bridge_safe_2025_geography,11022,Kalmthout,Kalmthout,24.861293,true,matched_factor_source
age65,bridge_safe_2025_geography,11023,Kapellen,Kapellen,25.682866,true,matched_factor_source
age65,bridge_safe_2025_geography,11024,Kontich,Kontich,23.467617,true,matched_factor_source
age65,bridge_safe_2025_geography,11025,Lint,Lint,23.564426,true,matched_factor_source
age65,bridge_safe_2025_geography,11029,Mortsel,Mortsel,20.147621,true,matched_factor_source
age65,bridge_safe_2025_geography,11030,Niel,Niel,17.524188,true,matched_factor_source
age65,bridge_safe_2025_geography,11035,Ranst,Ranst,25.016359,true,matched_factor_source
age65,bridge_safe_2025_geography,11037,Rumst,Rumst,22.435609,true,matched_factor_source
age65,bridge_safe_2025_geography,11038,Schelle,Schelle,22.764042,true,matched_factor_source
age65,bridge_safe_2025_geography,11039,Schilde,Schilde,27.197695,true,matched_factor_source
age65,bridge_safe_2025_geography,11040,Schoten,Schoten,24.167121,true,matched_factor_source
age65,bridge_safe_2025_geography,11044,Stabroek,Stabroek,22.885078,true,matched_factor_source
age65,bridge_safe_2025_geography,11050,Wijnegem,Wijnegem,24.563207,true,matched_factor_source
age65,bridge_safe_2025_geography,11052,Wommelgem,Wommelgem,23.127107,true,matched_factor_source
age65,bridge_safe_2025_geography,11053,Wuustwezel,Wuustwezel,22.080175,true,matched_factor_source
age65,bridge_safe_2025_geography,11054,Zandhoven,Zandhoven,27.06778,true,matched_factor_source
age65,bridge_safe_2025_geography,11055,Zoersel,Zoersel,27.464152,true,matched_factor_source
age65,bridge_safe_2025_geography,11057,Malle,Malle,23.849656,true,matched_factor_source
age65,bridge_safe_2025_geography,12002,Berlaar,Berlaar,23.940416,true,matched_factor_source
age65,bridge_safe_2025_geography,12005,Bonheiden,Bonheiden,25.99809,true,matched_factor_source
age65,bridge_safe_2025_geography,12007,Bornem,Bornem,24.909327,true,matched_factor_source
age65,bridge_safe_2025_geography,12009,Duffel,Duffel,22.336977,true,matched_factor_source
age65,bridge_safe_2025_geography,12014,Heist-op-den-Berg,Heist-op-den-Berg,24.360428,true,matched_factor_source
age65,bridge_safe_2025_geography,12021,Lier,Lierre,22.698531,true,matched_factor_source
age65,bridge_safe_2025_geography,12025,Mechelen,Malines,18.296718,true,matched_factor_source
age65,bridge_safe_2025_geography,12026,Nijlen,Nijlen,22.955488,true,matched_factor_source
age65,bridge_safe_2025_geography,12029,Putte,Putte,24.136854,true,matched_factor_source
age65,bridge_safe_2025_geography,12035,Sint-Katelijne-Waver,Sint-Katelijne-Waver,22.67858,true,matched_factor_source
age65,bridge_safe_2025_geography,12040,Willebroek,Willebroek,18.258825,true,matched_factor_source
age65,bridge_safe_2025_geography,12041,Puurs-Saint-Amands,Puurs-Sint-Amands,22.472525,true,matched_factor_source
age65,bridge_safe_2025_geography,13001,Arendonk,Arendonk,22.054223,true,matched_factor_source
age65,bridge_safe_2025_geography,13002,Baarle-Hertog,Baerle-Duc,21.301966,true,matched_factor_source
age65,bridge_safe_2025_geography,13003,Balen,Balen,21.450075,true,matched_factor_source
age65,bridge_safe_2025_geography,13004,Beerse,Beerse,21.363152,true,matched_factor_source
age65,bridge_safe_2025_geography,13006,Dessel,Dessel,21.617113,true,matched_factor_source
age65,bridge_safe_2025_geography,13008,Geel,Geel,22.178195,true,matched_factor_source
age65,bridge_safe_2025_geography,13010,Grobbendonk,Grobbendonk,25.361819,true,matched_factor_source
age65,bridge_safe_2025_geography,13011,Herentals,Herentals,24.520797,true,matched_factor_source
age65,bridge_safe_2025_geography,13012,Herenthout,Herenthout,25.264159,true,matched_factor_source
age65,bridge_safe_2025_geography,13013,Herselt,Herselt,25.932192,true,matched_factor_source
age65,bridge_safe_2025_geography,13014,Hoogstraten,Hoogstraten,21.948946,true,matched_factor_source
age65,bridge_safe_2025_geography,13016,Hulshout,Hulshout,22.944048,true,matched_factor_source
age65,bridge_safe_2025_geography,13017,Kasterlee,Kasterlee,24.618099,true,matched_factor_source
age65,bridge_safe_2025_geography,13019,Lille,Lille,23.417758,true,matched_factor_source
age65,bridge_safe_2025_geography,13021,Meerhout,Meerhout,24.071394,true,matched_factor_source
age65,bridge_safe_2025_geography,13023,Merksplas,Merksplas,23.066637,true,matched_factor_source
age65,bridge_safe_2025_geography,13025,Mol,Mol,22.960328,true,matched_factor_source
age65,bridge_safe_2025_geography,13029,Olen,Olen,22.564697,true,matched_factor_source
age65,bridge_safe_2025_geography,13031,Oud-Turnhout,Oud-Turnhout,24.955624,true,matched_factor_source
age65,bridge_safe_2025_geography,13035,Ravels,Ravels,22.102426,true,matched_factor_source
age65,bridge_safe_2025_geography,13036,Retie,Retie,22.797284,true,matched_factor_source
age65,bridge_safe_2025_geography,13037,Rijkevorsel,Rijkevorsel,20.371256,true,matched_factor_source
age65,bridge_safe_2025_geography,13040,Turnhout,Turnhout,20.360899,true,matched_factor_source
age65,bridge_safe_2025_geography,13044,Vorselaar,Vorselaar,24.540715,true,matched_factor_source
age65,bridge_safe_2025_geography,13046,Vosselaar,Vosselaar,21.796698,true,matched_factor_source
age65,bridge_safe_2025_geography,13049,Westerlo,Westerlo,24.76383,true,matched_factor_source
age65,bridge_safe_2025_geography,13053,Laakdal,Laakdal,23.579145,true,matched_factor_source
age65,bridge_safe_2025_geography,21001,Anderlecht,Anderlecht,12.260031,true,matched_factor_source
age65,bridge_safe_2025_geography,21002,Auderghem,Auderghem,16.755938,true,matched_factor_source
age65,bridge_safe_2025_geography,21003,Berchem-Sainte-Agathe,Berchem-Sainte-Agathe,16.074063,true,matched_factor_source
age65,bridge_safe_2025_geography,21004,Bruxelles,Bruxelles,11.399076,true,matched_factor_source
age65,bridge_safe_2025_geography,21005,Etterbeek,Etterbeek,11.219227,true,matched_factor_source
age65,bridge_safe_2025_geography,21006,Evere,Evere,14.802975,true,matched_factor_source
age65,bridge_safe_2025_geography,21007,Forest,Forest,13.036466,true,matched_factor_source
age65,bridge_safe_2025_geography,21008,Ganshoren,Ganshoren,16.28386,true,matched_factor_source
age65,bridge_safe_2025_geography,21009,Ixelles,Ixelles,11.587896,true,matched_factor_source
age65,bridge_safe_2025_geography,21010,Jette,Jette,14.807657,true,matched_factor_source
age65,bridge_safe_2025_geography,21011,Koekelberg,Koekelberg,11.223315,true,matched_factor_source
age65,bridge_safe_2025_geography,21012,Molenbeek-Saint-Jean,Molenbeek-Saint-Jean,11.952932,true,matched_factor_source
age65,bridge_safe_2025_geography,21013,Saint-Gilles,Saint-Gilles,10.534088,true,matched_factor_source
age65,bridge_safe_2025_geography,21014,Saint-Josse-ten-Noode,Saint-Josse-ten-Noode,9.621153,true,matched_factor_source
age65,bridge_safe_2025_geography,21015,Schaerbeek,Schaerbeek,10.761305,true,matched_factor_source
age65,bridge_safe_2025_geography,21016,Uccle,Uccle,18.951889,true,matched_factor_source
age65,bridge_safe_2025_geography,21017,Watermael-Boitsfort,Watermael-Boitsfort,21.194254,true,matched_factor_source
age65,bridge_safe_2025_geography,21018,Woluwe-Saint-Lambert,Woluwe-Saint-Lambert,16.797586,true,matched_factor_source
age65,bridge_safe_2025_geography,21019,Woluwe-Saint-Pierre,Woluwe-Saint-Pierre,19.550815,true,matched_factor_source
age65,bridge_safe_2025_geography,23002,Asse,Asse,18.576823,true,matched_factor_source
age65,bridge_safe_2025_geography,23003,Beersel,Beersel,19.156716,true,matched_factor_source
age65,bridge_safe_2025_geography,23009,Bever,Biévène,19.789381,true,matched_factor_source
age65,bridge_safe_2025_geography,23016,Dilbeek,Dilbeek,21.092416,true,matched_factor_source
age65,bridge_safe_2025_geography,23025,Grimbergen,Grimbergen,19.349979,true,matched_factor_source
age65,bridge_safe_2025_geography,23027,Halle,Hal,19.827966,true,matched_factor_source
age65,bridge_safe_2025_geography,23033,Hoeilaart,Hoeilaart,20.59717,true,matched_factor_source
age65,bridge_safe_2025_geography,23038,Kampenhout,Kampenhout,20.206349,true,matched_factor_source
age65,bridge_safe_2025_geography,23039,Kapelle-op-den-Bos,Kapelle-op-den-Bos,22.857433,true,matched_factor_source
age65,bridge_safe_2025_geography,23044,Liedekerke,Liedekerke,21.781336,true,matched_factor_source
age65,bridge_safe_2025_geography,23045,Londerzeel,Londerzeel,22.01245,true,matched_factor_source
age65,bridge_safe_2025_geography,23047,Machelen,Machelen,14.174701,true,matched_factor_source
age65,bridge_safe_2025_geography,23050,Meise,Meise,22.625291,true,matched_factor_source
age65,bridge_safe_2025_geography,23052,Merchtem,Merchtem,21.481562,true,matched_factor_source
age65,bridge_safe_2025_geography,23060,Opwijk,Opwijk,20.722446,true,matched_factor_source
age65,bridge_safe_2025_geography,23062,Overijse,Overijse,20.387872,true,matched_factor_source
age65,bridge_safe_2025_geography,23064,Pepingen,Pepingen,23.845139,true,matched_factor_source
age65,bridge_safe_2025_geography,23077,Sint-Pieters-Leeuw,Sint-Pieters-Leeuw,18.537309,true,matched_factor_source
age65,bridge_safe_2025_geography,23081,Steenokkerzeel,Steenokkerzeel,21.017508,true,matched_factor_source
age65,bridge_safe_2025_geography,23086,Ternat,Ternat,21.586429,true,matched_factor_source
age65,bridge_safe_2025_geography,23088,Vilvoorde,Vilvorde,14.541549,true,matched_factor_source
age65,bridge_safe_2025_geography,23094,Zaventem,Zaventem,16.394797,true,matched_factor_source
age65,bridge_safe_2025_geography,23096,Zemst,Zemst,22.566012,true,matched_factor_source
age65,bridge_safe_2025_geography,23097,Roosdaal,Roosdaal,21.64762,true,matched_factor_source
age65,bridge_safe_2025_geography,23104,Lennik,Lennik,24.595745,true,matched_factor_source
age65,bridge_safe_2025_geography,23105,Affligem,Affligem,20.791367,true,matched_factor_source
age65,bridge_safe_2025_geography,23106,Pajottegem,Pajottegem,22.603035,true,matched_factor_source
age65,bridge_safe_2025_geography,24001,Aarschot,Aarschot,24.226869,true,matched_factor_source
age65,bridge_safe_2025_geography,24007,Begijnendijk,Begijnendijk,25.028121,true,matched_factor_source
age65,bridge_safe_2025_geography,24008,Bekkevoort,Bekkevoort,21.507538,true,matched_factor_source
age65,bridge_safe_2025_geography,24009,Bertem,Bertem,21.262267,true,matched_factor_source
age65,bridge_safe_2025_geography,24011,Bierbeek,Bierbeek,22.505949,true,matched_factor_source
age65,bridge_safe_2025_geography,24014,Boortmeerbeek,Boortmeerbeek,22.317245,true,matched_factor_source
age65,bridge_safe_2025_geography,24016,Boutersem,Boutersem,21.260659,true,matched_factor_source
age65,bridge_safe_2025_geography,24020,Diest,Diest,25.0,true,matched_factor_source
age65,bridge_safe_2025_geography,24028,Geetbets,Geetbets,22.11127,true,matched_factor_source
age65,bridge_safe_2025_geography,24033,Haacht,Haacht,24.097148,true,matched_factor_source
age65,bridge_safe_2025_geography,24038,Herent,Herent,21.522738,true,matched_factor_source
age65,bridge_safe_2025_geography,24041,Hoegaarden,Hoegaarden,20.424743,true,matched_factor_source
age65,bridge_safe_2025_geography,24043,Holsbeek,Holsbeek,21.987747,true,matched_factor_source
age65,bridge_safe_2025_geography,24045,Huldenberg,Huldenberg,22.009475,true,matched_factor_source
age65,bridge_safe_2025_geography,24048,Keerbergen,Keerbergen,26.920503,true,matched_factor_source
age65,bridge_safe_2025_geography,24054,Kortenaken,Kortenaken,24.074074,true,matched_factor_source
age65,bridge_safe_2025_geography,24055,Kortenberg,Kortenberg,20.676779,true,matched_factor_source
age65,bridge_safe_2025_geography,24059,Landen,Landen,22.748815,true,matched_factor_source
age65,bridge_safe_2025_geography,24062,Leuven,Louvain,17.157854,true,matched_factor_source
age65,bridge_safe_2025_geography,24066,Lubbeek,Lubbeek,25.29758,true,matched_factor_source
age65,bridge_safe_2025_geography,24086,Oud-Heverlee,Oud-Heverlee,24.10198,true,matched_factor_source
age65,bridge_safe_2025_geography,24094,Rotselaar,Rotselaar,21.985736,true,matched_factor_source
age65,bridge_safe_2025_geography,24104,Tervuren,Tervuren,19.276069,true,matched_factor_source
age65,bridge_safe_2025_geography,24107,Tienen,Tirlemont,22.758509,true,matched_factor_source
age65,bridge_safe_2025_geography,24109,Tremelo,Tremelo,26.307572,true,matched_factor_source
age65,bridge_safe_2025_geography,24130,Zoutleeuw,Léau,25.269733,true,matched_factor_source
age65,bridge_safe_2025_geography,24133,Linter,Linter,23.40081,true,matched_factor_source
age65,bridge_safe_2025_geography,24134,Scherpenheuvel-Zichem,Montaigu-Zichem,25.581774,true,matched_factor_source
age65,bridge_safe_2025_geography,24135,Tielt-Winge,Tielt-Winge,23.202417,true,matched_factor_source
age65,bridge_safe_2025_geography,24137,Glabbeek,Glabbeek,23.671233,true,matched_factor_source
age65,bridge_safe_2025_geography,25005,Beauvechain,Beauvechain,20.957506,true,matched_factor_source
age65,bridge_safe_2025_geography,25014,Braine-l'Alleud,Braine-l’Alleud,22.484381,true,matched_factor_source
age65,bridge_safe_2025_geography,25015,Braine-le-Chateau,Braine-le-Château,20.433553,true,matched_factor_source
age65,bridge_safe_2025_geography,25018,Chaumont-Gistoux,Chaumont-Gistoux,22.394697,true,matched_factor_source
age65,bridge_safe_2025_geography,25023,Court-Saint-Etienne,Court-Saint-Etienne,20.142586,true,matched_factor_source
age65,bridge_safe_2025_geography,25031,Genappe,Genappe,19.123873,true,matched_factor_source
age65,bridge_safe_2025_geography,25037,Grez-Doiceau,Grez-Doiceau,22.079863,true,matched_factor_source
age65,bridge_safe_2025_geography,25043,Incourt,Incourt,18.756567,true,matched_factor_source
age65,bridge_safe_2025_geography,25044,Ittre,Ittre,21.407921,true,matched_factor_source
age65,bridge_safe_2025_geography,25048,Jodoigne,Jodoigne,20.452428,true,matched_factor_source
age65,bridge_safe_2025_geography,25050,La Hulpe,La Hulpe,24.446213,true,matched_factor_source
age65,bridge_safe_2025_geography,25068,Mont-Saint-Guibert,Mont-Saint-Guibert,18.346466,true,matched_factor_source
age65,bridge_safe_2025_geography,25072,Nivelles,Nivelles,22.872947,true,matched_factor_source
age65,bridge_safe_2025_geography,25084,Perwez,Perwez,19.847095,true,matched_factor_source
age65,bridge_safe_2025_geography,25091,Rixensart,Rixensart,24.289383,true,matched_factor_source
age65,bridge_safe_2025_geography,25105,Tubize,Tubize,18.803154,true,matched_factor_source
age65,bridge_safe_2025_geography,25107,Villers-la-Ville,Villers-la-Ville,19.395694,true,matched_factor_source
age65,bridge_safe_2025_geography,25110,Waterloo,Waterloo,25.61706,true,matched_factor_source
age65,bridge_safe_2025_geography,25112,Wavre,Wavre,23.081013,true,matched_factor_source
age65,bridge_safe_2025_geography,25117,Chastre,Chastre,19.636689,true,matched_factor_source
age65,bridge_safe_2025_geography,25118,Helecine,Hélécine,16.93836,true,matched_factor_source
age65,bridge_safe_2025_geography,25119,Lasne,Lasne,24.549502,true,matched_factor_source
age65,bridge_safe_2025_geography,25120,Orp-Jauche,Orp-Jauche,19.158675,true,matched_factor_source
age65,bridge_safe_2025_geography,25121,Ottignies-Louvain-la-Neuve,Ottignies-Louvain-la-Neuve,21.336769,true,matched_factor_source
age65,bridge_safe_2025_geography,25122,Ramillies,Ramillies,18.711794,true,matched_factor_source
age65,bridge_safe_2025_geography,25123,Rebecq,Rebecq,19.439003,true,matched_factor_source
age65,bridge_safe_2025_geography,25124,Walhain,Walhain,17.287867,true,matched_factor_source
age65,bridge_safe_2025_geography,31003,Beernem,Beernem,23.472511,true,matched_factor_source
age65,bridge_safe_2025_geography,31004,Blankenberge,Blankenberge,35.639555,true,matched_factor_source
age65,bridge_safe_2025_geography,31005,Brugge,Bruges,25.57738,true,matched_factor_source
age65,bridge_safe_2025_geography,31006,Damme,Damme,26.861585,true,matched_factor_source
age65,bridge_safe_2025_geography,31012,Jabbeke,Jabbeke,25.336891,true,matched_factor_source
age65,bridge_safe_2025_geography,31022,Oostkamp,Oostkamp,23.707576,true,matched_factor_source
age65,bridge_safe_2025_geography,31033,Torhout,Torhout,24.468186,true,matched_factor_source
age65,bridge_safe_2025_geography,31040,Zedelgem,Zedelgem,23.320841,true,matched_factor_source
age65,bridge_safe_2025_geography,31042,Zuienkerke,Zuienkerke,26.391518,true,matched_factor_source
age65,bridge_safe_2025_geography,31043,Knokke-Heist,Knokke-Heist,39.455275,true,matched_factor_source
age65,bridge_safe_2025_geography,32003,Diksmuide,Dixmude,23.490165,true,matched_factor_source
age65,bridge_safe_2025_geography,32006,Houthulst,Houthulst,19.605425,true,matched_factor_source
age65,bridge_safe_2025_geography,32010,Koekelare,Koekelare,24.251632,true,matched_factor_source
age65,bridge_safe_2025_geography,32011,Kortemark,Kortemark,23.127484,true,matched_factor_source
age65,bridge_safe_2025_geography,32030,Lo-Reninge,Lo-Reninge,22.052263,true,matched_factor_source
age65,bridge_safe_2025_geography,33011,Ieper,Ypres,25.156474,true,matched_factor_source
age65,bridge_safe_2025_geography,33016,Mesen,Messines,18.258427,true,matched_factor_source
age65,bridge_safe_2025_geography,33021,Poperinge,Poperinge,25.233786,true,matched_factor_source
age65,bridge_safe_2025_geography,33029,Wervik,Wervik,22.434231,true,matched_factor_source
age65,bridge_safe_2025_geography,33037,Zonnebeke,Zonnebeke,21.127972,true,matched_factor_source
age65,bridge_safe_2025_geography,33039,Heuvelland,Heuvelland,23.468754,true,matched_factor_source
age65,bridge_safe_2025_geography,33040,Langemark-Poelkapelle,Langemark-Poelkapelle,20.925163,true,matched_factor_source
age65,bridge_safe_2025_geography,33041,Vleteren,Vleteren,21.502374,true,matched_factor_source
age65,bridge_safe_2025_geography,34002,Anzegem,Anzegem,21.851707,true,matched_factor_source
age65,bridge_safe_2025_geography,34003,Avelgem,Avelgem,22.904278,true,matched_factor_source
age65,bridge_safe_2025_geography,34009,Deerlijk,Deerlijk,20.892591,true,matched_factor_source
age65,bridge_safe_2025_geography,34013,Harelbeke,Harelbeke,22.198987,true,matched_factor_source
age65,bridge_safe_2025_geography,34022,Kortrijk,Courtrai,21.795076,true,matched_factor_source
age65,bridge_safe_2025_geography,34023,Kuurne,Kuurne,22.274252,true,matched_factor_source
age65,bridge_safe_2025_geography,34025,Lendelede,Lendelede,25.277162,true,matched_factor_source
age65,bridge_safe_2025_geography,34027,Menen,Menin,21.688799,true,matched_factor_source
age65,bridge_safe_2025_geography,34040,Waregem,Waregem,23.531433,true,matched_factor_source
age65,bridge_safe_2025_geography,34041,Wevelgem,Wevelgem,23.241609,true,matched_factor_source
age65,bridge_safe_2025_geography,34042,Zwevegem,Zwevegem,22.081813,true,matched_factor_source
age65,bridge_safe_2025_geography,34043,Spiere-Helkijn,Espierres-Helchin,18.820088,true,matched_factor_source
age65,bridge_safe_2025_geography,35002,Bredene,Bredene,28.73124,true,matched_factor_source
age65,bridge_safe_2025_geography,35005,Gistel,Gistel,23.136056,true,matched_factor_source
age65,bridge_safe_2025_geography,35006,Ichtegem,Ichtegem,22.021661,true,matched_factor_source
age65,bridge_safe_2025_geography,35011,Middelkerke,Middelkerke,37.525537,true,matched_factor_source
age65,bridge_safe_2025_geography,35013,Oostende,Ostende,29.964384,true,matched_factor_source
age65,bridge_safe_2025_geography,35014,Oudenburg,Oudenburg,23.045267,true,matched_factor_source
age65,bridge_safe_2025_geography,35029,De Haan,De Haan,38.732061,true,matched_factor_source
age65,bridge_safe_2025_geography,36006,Hooglede,Hooglede,22.736144,true,matched_factor_source
age65,bridge_safe_2025_geography,36007,Ingelmunster,Ingelmunster,22.112664,true,matched_factor_source
age65,bridge_safe_2025_geography,36008,Izegem,Izegem,22.2626,true,matched_factor_source
age65,bridge_safe_2025_geography,36010,Ledegem,Ledegem,22.915178,true,matched_factor_source
age65,bridge_safe_2025_geography,36011,Lichtervelde,Lichtervelde,21.62963,true,matched_factor_source
age65,bridge_safe_2025_geography,36012,Moorslede,Moorslede,22.964184,true,matched_factor_source
age65,bridge_safe_2025_geography,36015,Roeselare,Roulers,21.039337,true,matched_factor_source
age65,bridge_safe_2025_geography,36019,Staden,Staden,20.92865,true,matched_factor_source
age65,bridge_safe_2025_geography,37002,Dentergem,Dentergem,21.158205,true,matched_factor_source
age65,bridge_safe_2025_geography,37010,Oostrozebeke,Oostrozebeke,21.086302,true,matched_factor_source
age65,bridge_safe_2025_geography,37011,Pittem,Pittem,23.2329,true,matched_factor_source
age65,bridge_safe_2025_geography,37017,Wielsbeke,Wielsbeke,18.381638,true,matched_factor_source
age65,bridge_safe_2025_geography,37020,Ardooie,Ardooie,24.230044,true,matched_factor_source
age65,bridge_safe_2025_geography,37021,Wingene,Wingene,21.415938,true,matched_factor_source
age65,bridge_safe_2025_geography,37022,Tielt,Tielt,23.798205,true,matched_factor_source
age65,bridge_safe_2025_geography,38002,Alveringem,Alveringem,19.367828,true,matched_factor_source
age65,bridge_safe_2025_geography,38008,De Panne,La Panne,36.743928,true,matched_factor_source
age65,bridge_safe_2025_geography,38014,Koksijde,Koksijde,46.545178,true,matched_factor_source
age65,bridge_safe_2025_geography,38016,Nieuwpoort,Nieuport,40.993789,true,matched_factor_source
age65,bridge_safe_2025_geography,38025,Veurne,Furnes,27.351165,true,matched_factor_source
age65,bridge_safe_2025_geography,41002,Aalst,Alost,20.747846,true,matched_factor_source
age65,bridge_safe_2025_geography,41011,Denderleeuw,Denderleeuw,18.395477,true,matched_factor_source
age65,bridge_safe_2025_geography,41018,Geraardsbergen,Grammont,21.885789,true,matched_factor_source
age65,bridge_safe_2025_geography,41024,Haaltert,Haaltert,22.265724,true,matched_factor_source
age65,bridge_safe_2025_geography,41027,Herzele,Herzele,21.263802,true,matched_factor_source
age65,bridge_safe_2025_geography,41034,Lede,Lede,23.013109,true,matched_factor_source
age65,bridge_safe_2025_geography,41048,Ninove,Ninove,22.483427,true,matched_factor_source
age65,bridge_safe_2025_geography,41063,Sint-Lievens-Houtem,Sint-Lievens-Houtem,21.395349,true,matched_factor_source
age65,bridge_safe_2025_geography,41081,Zottegem,Zottegem,23.748368,true,matched_factor_source
age65,bridge_safe_2025_geography,41082,Erpe-Mere,Erpe-Mere,23.36052,true,matched_factor_source
age65,bridge_safe_2025_geography,42003,Berlare,Berlare,23.229974,true,matched_factor_source
age65,bridge_safe_2025_geography,42004,Buggenhout,Buggenhout,22.870486,true,matched_factor_source
age65,bridge_safe_2025_geography,42006,Dendermonde,Termonde,22.672911,true,matched_factor_source
age65,bridge_safe_2025_geography,42008,Hamme,Hamme,21.05733,true,matched_factor_source
age65,bridge_safe_2025_geography,42010,Laarne,Laarne,24.654691,true,matched_factor_source
age65,bridge_safe_2025_geography,42011,Lebbeke,Lebbeke,20.893032,true,matched_factor_source
age65,bridge_safe_2025_geography,42023,Waasmunster,Waasmunster,21.895595,true,matched_factor_source
age65,bridge_safe_2025_geography,42025,Wetteren,Wetteren,21.654169,true,matched_factor_source
age65,bridge_safe_2025_geography,42026,Wichelen,Wichelen,22.101717,true,matched_factor_source
age65,bridge_safe_2025_geography,42028,Zele,Zele,20.771761,true,matched_factor_source
age65,bridge_safe_2025_geography,43002,Assenede,Assenede,23.690688,true,matched_factor_source
age65,bridge_safe_2025_geography,43005,Eeklo,Eeklo,23.359958,true,matched_factor_source
age65,bridge_safe_2025_geography,43007,Kaprijke,Kaprijke,23.502235,true,matched_factor_source
age65,bridge_safe_2025_geography,43010,Maldegem,Maldegem,23.388294,true,matched_factor_source
age65,bridge_safe_2025_geography,43014,Sint-Laureins,Sint-Laureins,24.304267,true,matched_factor_source
age65,bridge_safe_2025_geography,43018,Zelzate,Zelzate,20.451073,true,matched_factor_source
age65,bridge_safe_2025_geography,44013,Destelbergen,Destelbergen,24.465484,true,matched_factor_source
age65,bridge_safe_2025_geography,44019,Evergem,Evergem,22.42648,true,matched_factor_source
age65,bridge_safe_2025_geography,44020,Gavere,Gavere,22.892015,true,matched_factor_source
age65,bridge_safe_2025_geography,44021,Gent,Gand,16.714591,true,matched_factor_source
age65,bridge_safe_2025_geography,44052,Oosterzele,Oosterzele,21.583039,true,matched_factor_source
age65,bridge_safe_2025_geography,44064,Sint-Martens-Latem,Sint-Martens-Latem,29.385804,true,matched_factor_source
age65,bridge_safe_2025_geography,44081,Zulte,Zulte,20.098401,true,matched_factor_source
age65,bridge_safe_2025_geography,44083,Deinze,Deinze,22.692971,true,matched_factor_source
age65,bridge_safe_2025_geography,44084,Aalter,Aalter,23.816221,true,matched_factor_source
age65,bridge_safe_2025_geography,44085,Lievegem,Lievegem,24.896371,true,matched_factor_source
age65,bridge_safe_2025_geography,44086,Nazareth-De Pinte,Nazareth-De Pinte,24.228833,true,matched_factor_source
age65,bridge_safe_2025_geography,44087,Lochristi,Lochristi,23.520108,true,matched_factor_source
age65,bridge_safe_2025_geography,44088,Merelbeke-Melle,Merelbeke-Melle,21.706702,true,matched_factor_source
age65,bridge_safe_2025_geography,45035,Oudenaarde,Audenarde,22.899864,true,matched_factor_source
age65,bridge_safe_2025_geography,45041,Ronse,Renaix,19.977642,true,matched_factor_source
age65,bridge_safe_2025_geography,45059,Brakel,Brakel,23.996308,true,matched_factor_source
age65,bridge_safe_2025_geography,45060,Kluisbergen,Kluisbergen,20.982851,true,matched_factor_source
age65,bridge_safe_2025_geography,45061,Wortegem-Petegem,Wortegem-Petegem,21.874045,true,matched_factor_source
age65,bridge_safe_2025_geography,45062,Horebeke,Horebeke,27.475248,true,matched_factor_source
age65,bridge_safe_2025_geography,45063,Lierde,Lierde,23.677326,true,matched_factor_source
age65,bridge_safe_2025_geography,45064,Maarkedal,Maarkedal,25.202735,true,matched_factor_source
age65,bridge_safe_2025_geography,45065,Zwalm,Zwalin,22.331025,true,matched_factor_source
age65,bridge_safe_2025_geography,45068,Kruisem,Kruisem,21.515435,true,matched_factor_source
age65,bridge_safe_2025_geography,46020,Sint-Gillis-Waas,Sint-Gillis-Waas,21.867601,true,matched_factor_source
age65,bridge_safe_2025_geography,46021,Sint-Niklaas,Sint-Niklaas,20.019185,true,matched_factor_source
age65,bridge_safe_2025_geography,46024,Stekene,Stekene,22.941619,true,matched_factor_source
age65,bridge_safe_2025_geography,46025,Temse,Tamise,20.57899,true,matched_factor_source
age65,bridge_safe_2025_geography,46029,Lokeren,Lokeren,20.35287,true,matched_factor_source
age65,bridge_safe_2025_geography,46030,Beveren-Kruibeke-Zwijndrecht,Beveren-Kruibeke-Zwijndrecht,22.619533,true,matched_factor_source
age65,bridge_safe_2025_geography,51004,Ath,Ath,22.42765,true,matched_factor_source
age65,bridge_safe_2025_geography,51008,Beloeil,Beloeil,19.113651,true,matched_factor_source
age65,bridge_safe_2025_geography,51009,Bernissart,Bernissart,20.145221,true,matched_factor_source
age65,bridge_safe_2025_geography,51012,Brugelette,Brugelette,16.739522,true,matched_factor_source
age65,bridge_safe_2025_geography,51014,Chievres,Chièvres,18.575634,true,matched_factor_source
age65,bridge_safe_2025_geography,51017,Ellezelles,Ellezelles,23.402447,true,matched_factor_source
age65,bridge_safe_2025_geography,51019,Flobecq,Flobecq,23.22618,true,matched_factor_source
age65,bridge_safe_2025_geography,51065,Frasnes-lez-Anvaing,Frasnes-lez-Anvaing,21.284088,true,matched_factor_source
age65,bridge_safe_2025_geography,51067,Enghien,Enghien,20.024486,true,matched_factor_source
age65,bridge_safe_2025_geography,51068,Silly,Silly,22.749377,true,matched_factor_source
age65,bridge_safe_2025_geography,51069,Lessines,Lessines,20.115338,true,matched_factor_source
age65,bridge_safe_2025_geography,52010,Chapelle-lez-Herlaimont,Chapelle-lez-Herlaimont,20.747688,true,matched_factor_source
age65,bridge_safe_2025_geography,52011,Charleroi,Charleroi,18.235863,true,matched_factor_source
age65,bridge_safe_2025_geography,52012,Chatelet,Châtelet,20.222377,true,matched_factor_source
age65,bridge_safe_2025_geography,52015,Courcelles,Courcelles,19.467685,true,matched_factor_source
age65,bridge_safe_2025_geography,52018,Farciennes,Farciennes,17.401554,true,matched_factor_source
age65,bridge_safe_2025_geography,52021,Fleurus,Fleurus,21.00968,true,matched_factor_source
age65,bridge_safe_2025_geography,52022,Fontaine-l'Eveque,Fontaine-l’Evêque,20.275732,true,matched_factor_source
age65,bridge_safe_2025_geography,52025,Gerpinnes,Gerpinnes,27.711125,true,matched_factor_source
age65,bridge_safe_2025_geography,52048,Montigny-le-Tilleul,Montigny-le-Tilleul,26.310584,true,matched_factor_source
age65,bridge_safe_2025_geography,52055,Pont-a-Celles,Pont-à-Celles,20.161153,true,matched_factor_source
age65,bridge_safe_2025_geography,52074,Aiseau-Presles,Aiseau-Presles,20.384896,true,matched_factor_source
age65,bridge_safe_2025_geography,52075,Les Bons Villers,Les Bons Villers,22.363431,true,matched_factor_source
age65,bridge_safe_2025_geography,53014,Boussu,Boussu,20.423084,true,matched_factor_source
age65,bridge_safe_2025_geography,53020,Dour,Dour,20.546626,true,matched_factor_source
age65,bridge_safe_2025_geography,53028,Frameries,Frameries,21.050671,true,matched_factor_source
age65,bridge_safe_2025_geography,53039,Hensies,Hensies,21.572935,true,matched_factor_source
age65,bridge_safe_2025_geography,53044,Jurbise,Jurbise,20.317082,true,matched_factor_source
age65,bridge_safe_2025_geography,53046,Lens,Lens,18.59809,true,matched_factor_source
age65,bridge_safe_2025_geography,53053,Mons,Mons,19.460842,true,matched_factor_source
age65,bridge_safe_2025_geography,53065,Quaregnon,Quaregnon,20.575245,true,matched_factor_source
age65,bridge_safe_2025_geography,53068,Quievrain,Quiévrain,20.518833,true,matched_factor_source
age65,bridge_safe_2025_geography,53070,Saint-Ghislain,Saint-Ghislain,22.983854,true,matched_factor_source
age65,bridge_safe_2025_geography,53082,Colfontaine,Colfontaine,18.120514,true,matched_factor_source
age65,bridge_safe_2025_geography,53083,Honnelles,Honnelles,21.393523,true,matched_factor_source
age65,bridge_safe_2025_geography,53084,Quevy,Quévy,20.588948,true,matched_factor_source
age65,bridge_safe_2025_geography,55004,Braine-le-Comte,Braine-le-Comte,19.481503,true,matched_factor_source
age65,bridge_safe_2025_geography,55035,Le Roeulx,Le Roeulx,21.879302,true,matched_factor_source
age65,bridge_safe_2025_geography,55040,Soignies,Soignies,20.097289,true,matched_factor_source
age65,bridge_safe_2025_geography,55050,Ecaussinnes,Ecaussinnes,18.891948,true,matched_factor_source
age65,bridge_safe_2025_geography,55085,Seneffe,Seneffe,20.893845,true,matched_factor_source
age65,bridge_safe_2025_geography,55086,Manage,Manage,18.895625,true,matched_factor_source
age65,bridge_safe_2025_geography,56001,Anderlues,Anderlues,19.470512,true,matched_factor_source
age65,bridge_safe_2025_geography,56005,Beaumont,Beaumont,21.973536,true,matched_factor_source
age65,bridge_safe_2025_geography,56016,Chimay,Chimay,24.6929,true,matched_factor_source
age65,bridge_safe_2025_geography,56022,Erquelinnes,Erquelinnes,20.199175,true,matched_factor_source
age65,bridge_safe_2025_geography,56029,Froidchapelle,Froidchapelle,22.905726,true,matched_factor_source
age65,bridge_safe_2025_geography,56044,Lobbes,Lobbes,22.420168,true,matched_factor_source
age65,bridge_safe_2025_geography,56049,Merbes-le-Chateau,Merbes-le-Château,19.222514,true,matched_factor_source
age65,bridge_safe_2025_geography,56051,Momignies,Momignies,21.288838,true,matched_factor_source
age65,bridge_safe_2025_geography,56078,Thuin,Thuin,25.435774,true,matched_factor_source
age65,bridge_safe_2025_geography,56086,Ham-sur-Heure-Nalinnes,Ham-sur-Heure-Nalinnes,25.599018,true,matched_factor_source
age65,bridge_safe_2025_geography,56088,Sivry-Rance,Sivry-Rance,22.659486,true,matched_factor_source
age65,bridge_safe_2025_geography,57003,Antoing,Antoing,20.257827,true,matched_factor_source
age65,bridge_safe_2025_geography,57018,Celles (lez-Tournai),Celles,21.423587,true,matched_factor_source
age65,bridge_safe_2025_geography,57027,Estaimpuis,Estaimpuis,18.570774,true,matched_factor_source
age65,bridge_safe_2025_geography,57062,Pecq,Pecq,20.026814,true,matched_factor_source
age65,bridge_safe_2025_geography,57064,Peruwelz,Péruwelz,20.443804,true,matched_factor_source
age65,bridge_safe_2025_geography,57072,Rumes,Rumes,21.734255,true,matched_factor_source
age65,bridge_safe_2025_geography,57081,Tournai,Tournai,22.830336,true,matched_factor_source
age65,bridge_safe_2025_geography,57093,Brunehaut,Brunehaut,19.33531,true,matched_factor_source
age65,bridge_safe_2025_geography,57094,Leuze-en-Hainaut,Leuze-en-Hainaut,21.010058,true,matched_factor_source
age65,bridge_safe_2025_geography,57095,Mont-de-l'Enclus,Mont-de-l’Enclus,19.015369,true,matched_factor_source
age65,bridge_safe_2025_geography,57096,Mouscron,Mouscron,19.807979,true,matched_factor_source
age65,bridge_safe_2025_geography,57097,Comines-Warneton,Comines-Warneton,21.923876,true,matched_factor_source
age65,bridge_safe_2025_geography,58001,La Louvière,La Louvière,20.182016,true,matched_factor_source
age65,bridge_safe_2025_geography,58002,Binche,Binche,21.896516,true,matched_factor_source
age65,bridge_safe_2025_geography,58003,Estinnes,Estinnes,20.207516,true,matched_factor_source
age65,bridge_safe_2025_geography,58004,Morlanwelz,Morlanwelz,22.02894,true,matched_factor_source
age65,bridge_safe_2025_geography,61003,Amay,Amay,19.761182,true,matched_factor_source
age65,bridge_safe_2025_geography,61010,Burdinne,Burdinne,16.121212,true,matched_factor_source
age65,bridge_safe_2025_geography,61012,Clavier,Clavier,18.380744,true,matched_factor_source
age65,bridge_safe_2025_geography,61019,Ferrieres,Ferrières,21.518987,true,matched_factor_source
age65,bridge_safe_2025_geography,61024,Hamoir,Hamoir,22.445738,true,matched_factor_source
age65,bridge_safe_2025_geography,61028,Heron,Héron,14.701188,true,matched_factor_source
age65,bridge_safe_2025_geography,61031,Huy,Huy,22.160361,true,matched_factor_source
age65,bridge_safe_2025_geography,61039,Marchin,Marchin,18.101933,true,matched_factor_source
age65,bridge_safe_2025_geography,61041,Modave,Modave,19.875479,true,matched_factor_source
age65,bridge_safe_2025_geography,61043,Nandrin,Nandrin,24.934612,true,matched_factor_source
age65,bridge_safe_2025_geography,61048,Ouffet,Ouffet,20.218003,true,matched_factor_source
age65,bridge_safe_2025_geography,61063,Verlaine,Verlaine,19.274635,true,matched_factor_source
age65,bridge_safe_2025_geography,61068,Villers-le-Bouillet,Villers-Le-Bouillet,17.005625,true,matched_factor_source
age65,bridge_safe_2025_geography,61072,Wanze,Wanze,21.340639,true,matched_factor_source
age65,bridge_safe_2025_geography,61079,Anthisnes,Anthisnes,21.667067,true,matched_factor_source
age65,bridge_safe_2025_geography,61080,Engis,Engis,16.476913,true,matched_factor_source
age65,bridge_safe_2025_geography,61081,Tinlot,Tinlot,21.293992,true,matched_factor_source
age65,bridge_safe_2025_geography,62003,Ans,Ans,22.020637,true,matched_factor_source
age65,bridge_safe_2025_geography,62006,Awans,Awans,24.655927,true,matched_factor_source
age65,bridge_safe_2025_geography,62009,Aywaille,Aywaille,21.401646,true,matched_factor_source
age65,bridge_safe_2025_geography,62011,Bassenge,Bassenge,21.017772,true,matched_factor_source
age65,bridge_safe_2025_geography,62015,Beyne-Heusay,Beyne-Heusay,20.495909,true,matched_factor_source
age65,bridge_safe_2025_geography,62022,Chaudfontaine,Chaudfontaine,27.912302,true,matched_factor_source
age65,bridge_safe_2025_geography,62026,Comblain-au-Pont,Comblain-au-Pont,21.284472,true,matched_factor_source
age65,bridge_safe_2025_geography,62027,Dalhem,Dalhem,20.415584,true,matched_factor_source
age65,bridge_safe_2025_geography,62032,Esneux,Esneux,26.0036,true,matched_factor_source
age65,bridge_safe_2025_geography,62038,Fleron,Fléron,26.034891,true,matched_factor_source
age65,bridge_safe_2025_geography,62051,Herstal,Herstal,19.17182,true,matched_factor_source
age65,bridge_safe_2025_geography,62060,Juprelle,Juprelle,22.134786,true,matched_factor_source
age65,bridge_safe_2025_geography,62063,Liege,Liège,18.216373,true,matched_factor_source
age65,bridge_safe_2025_geography,62079,Oupeye,Oupeye,22.476571,true,matched_factor_source
age65,bridge_safe_2025_geography,62093,Saint-Nicolas (Liège),Saint-Nicolas,19.103918,true,matched_factor_source
age65,bridge_safe_2025_geography,62096,Seraing,Seraing,18.992033,true,matched_factor_source
age65,bridge_safe_2025_geography,62099,Soumagne,Soumagne,21.560005,true,matched_factor_source
age65,bridge_safe_2025_geography,62100,Sprimont,Sprimont,22.166247,true,matched_factor_source
age65,bridge_safe_2025_geography,62108,Vise,Visé,22.605957,true,matched_factor_source
age65,bridge_safe_2025_geography,62118,Grace-Hollogne,Grâce-Hollogne,19.445039,true,matched_factor_source
age65,bridge_safe_2025_geography,62119,Blegny,Blegny,23.135095,true,matched_factor_source
age65,bridge_safe_2025_geography,62120,Flemalle,Flémalle,19.899142,true,matched_factor_source
age65,bridge_safe_2025_geography,62121,Neupre,Neupré,27.458852,true,matched_factor_source
age65,bridge_safe_2025_geography,62122,Trooz,Trooz,18.745476,true,matched_factor_source
age65,bridge_safe_2025_geography,63001,Amel,Amblève,20.492384,true,matched_factor_source
age65,bridge_safe_2025_geography,63003,Aubel,Aubel,25.212665,true,matched_factor_source
age65,bridge_safe_2025_geography,63004,Baelen,Baelen,19.805051,true,matched_factor_source
age65,bridge_safe_2025_geography,63012,Bullange,Bullange,22.996897,true,matched_factor_source
age65,bridge_safe_2025_geography,63013,Butgenbach,Butgenbach,23.885407,true,matched_factor_source
age65,bridge_safe_2025_geography,63020,Dison,Dison,15.678353,true,matched_factor_source
age65,bridge_safe_2025_geography,63023,Eupen,Eupen,21.722512,true,matched_factor_source
age65,bridge_safe_2025_geography,63035,Herve,Herve,22.01212,true,matched_factor_source
age65,bridge_safe_2025_geography,63038,Jalhay,Jalhay,23.536737,true,matched_factor_source
age65,bridge_safe_2025_geography,63040,La Calamine,La Calamine,22.793858,true,matched_factor_source
age65,bridge_safe_2025_geography,63045,Lierneux,Lierneux,19.418541,true,matched_factor_source
age65,bridge_safe_2025_geography,63046,Limbourg,Limbourg,21.467631,true,matched_factor_source
age65,bridge_safe_2025_geography,63048,Lontzen,Lontzen,20.032895,true,matched_factor_source
age65,bridge_safe_2025_geography,63049,Malmedy,Malmedy,23.726201,true,matched_factor_source
age65,bridge_safe_2025_geography,63057,Olne,Olne,21.512324,true,matched_factor_source
age65,bridge_safe_2025_geography,63058,Pepinster,Pepinster,19.102441,true,matched_factor_source
age65,bridge_safe_2025_geography,63061,Raeren,Raeren,22.593126,true,matched_factor_source
age65,bridge_safe_2025_geography,63067,Saint-Vith,Saint-Vith,21.322736,true,matched_factor_source
age65,bridge_safe_2025_geography,63072,Spa,Spa,27.703316,true,matched_factor_source
age65,bridge_safe_2025_geography,63073,Stavelot,Stavelot,21.991414,true,matched_factor_source
age65,bridge_safe_2025_geography,63075,Stoumont,Stoumont,22.016651,true,matched_factor_source
age65,bridge_safe_2025_geography,63076,Theux,Theux,21.838326,true,matched_factor_source
age65,bridge_safe_2025_geography,63079,Verviers,Verviers,19.344274,true,matched_factor_source
age65,bridge_safe_2025_geography,63080,Waimes,Waimes,21.345029,true,matched_factor_source
age65,bridge_safe_2025_geography,63084,Welkenraedt,Welkenraedt,21.023644,true,matched_factor_source
age65,bridge_safe_2025_geography,63086,Trois-Ponts,Trois-Ponts,21.771654,true,matched_factor_source
age65,bridge_safe_2025_geography,63087,Burg-Reuland,Burg-Reuland,20.11159,true,matched_factor_source
age65,bridge_safe_2025_geography,63088,Plombieres,Plombières,20.715754,true,matched_factor_source
age65,bridge_safe_2025_geography,63089,Thimister-Clermont,Thimister-Clermont,20.484503,true,matched_factor_source
age65,bridge_safe_2025_geography,64008,Berloz,Berloz,15.703444,true,matched_factor_source
age65,bridge_safe_2025_geography,64015,Braives,Braives,17.940861,true,matched_factor_source
age65,bridge_safe_2025_geography,64021,Crisnee,Crisnée,21.08484,true,matched_factor_source
age65,bridge_safe_2025_geography,64023,Donceel,Donceel,18.132395,true,matched_factor_source
age65,bridge_safe_2025_geography,64025,Fexhe-le-Haut-Clocher,Fexhe-le-Haut-Clocher,20.36385,true,matched_factor_source
age65,bridge_safe_2025_geography,64029,Geer,Geer,16.238122,true,matched_factor_source
age65,bridge_safe_2025_geography,64034,Hannut,Hannut,21.734605,true,matched_factor_source
age65,bridge_safe_2025_geography,64047,Lincent,Lincent,20.766306,true,matched_factor_source
age65,bridge_safe_2025_geography,64056,Oreye,Oreye,17.990711,true,matched_factor_source
age65,bridge_safe_2025_geography,64063,Remicourt,Remicourt,19.754539,true,matched_factor_source
age65,bridge_safe_2025_geography,64065,Saint-Georges-sur-Meuse,Saint-Georges-sur-Meuse,19.397993,true,matched_factor_source
age65,bridge_safe_2025_geography,64074,Waremme,Waremme,24.800674,true,matched_factor_source
age65,bridge_safe_2025_geography,64075,Wasseiges,Wasseiges,17.641539,true,matched_factor_source
age65,bridge_safe_2025_geography,64076,Faimes,Faimes,18.730613,true,matched_factor_source
age65,bridge_safe_2025_geography,71002,As,As,21.905686,true,matched_factor_source
age65,bridge_safe_2025_geography,71004,Beringen,Beringen,20.251254,true,matched_factor_source
age65,bridge_safe_2025_geography,71011,Diepenbeek,Diepenbeek,23.954296,true,matched_factor_source
age65,bridge_safe_2025_geography,71016,Genk,Genk,22.187633,true,matched_factor_source
age65,bridge_safe_2025_geography,71017,Gingelom,Gingelom,20.902342,true,matched_factor_source
age65,bridge_safe_2025_geography,71020,Halen,Halen,24.593072,true,matched_factor_source
age65,bridge_safe_2025_geography,71024,Herk-de-Stad,Herck-la-Ville,24.015687,true,matched_factor_source
age65,bridge_safe_2025_geography,71034,Leopoldsburg,Bourg-Léopold,21.958405,true,matched_factor_source
age65,bridge_safe_2025_geography,71037,Lummen,Lummen,24.566399,true,matched_factor_source
age65,bridge_safe_2025_geography,71045,Nieuwerkerken,Nieuwerkerken,23.324251,true,matched_factor_source
age65,bridge_safe_2025_geography,71053,Sint-Truiden,Saint-Trond,25.257818,true,matched_factor_source
age65,bridge_safe_2025_geography,71066,Zonhoven,Zonhoven,23.58148,true,matched_factor_source
age65,bridge_safe_2025_geography,71067,Zutendaal,Zutendaal,26.45446,true,matched_factor_source
age65,bridge_safe_2025_geography,71070,Heusden-Zolder,Heusden-Zolder,21.54887,true,matched_factor_source
age65,bridge_safe_2025_geography,71071,Tessenderlo-Ham,Tessenderlo-Ham,22.405683,true,matched_factor_source
age65,bridge_safe_2025_geography,71072,Hasselt,Hasselt,24.782762,true,matched_factor_source
age65,bridge_safe_2025_geography,72003,Bocholt,Bocholt,23.242581,true,matched_factor_source
age65,bridge_safe_2025_geography,72004,Bree,Bree,23.792528,true,matched_factor_source
age65,bridge_safe_2025_geography,72018,Kinrooi,Kinrooi,24.227461,true,matched_factor_source
age65,bridge_safe_2025_geography,72020,Lommel,Lommel,23.976757,true,matched_factor_source
age65,bridge_safe_2025_geography,72021,Maaseik,Maaseik,24.497992,true,matched_factor_source
age65,bridge_safe_2025_geography,72030,Peer,Peer,23.677627,true,matched_factor_source
age65,bridge_safe_2025_geography,72037,Hamont-Achel,Hamont-Achel,24.746088,true,matched_factor_source
age65,bridge_safe_2025_geography,72038,Hechtel-Eksel,Hechtel-Eksel,22.186569,true,matched_factor_source
age65,bridge_safe_2025_geography,72039,Houthalen-Helchteren,Houthalen-Helchteren,22.0603,true,matched_factor_source
age65,bridge_safe_2025_geography,72041,Dilsen-Stokkem,Dilsen-Stokkem,21.621996,true,matched_factor_source
age65,bridge_safe_2025_geography,72042,Oudsbergen,Oudsbergen,23.128515,true,matched_factor_source
age65,bridge_safe_2025_geography,72043,Pelt,Pelt,23.831345,true,matched_factor_source
age65,bridge_safe_2025_geography,73001,Alken,Alken,24.61693,true,matched_factor_source
age65,bridge_safe_2025_geography,73022,Heers,Heers,22.79131,true,matched_factor_source
age65,bridge_safe_2025_geography,73028,Herstappe,Herstappe,23.076923,true,matched_factor_source
age65,bridge_safe_2025_geography,73042,Lanaken,Lanaken,25.161242,true,matched_factor_source
age65,bridge_safe_2025_geography,73066,Riemst,Riemst,23.30373,true,matched_factor_source
age65,bridge_safe_2025_geography,73098,Wellen,Wellen,25.383801,true,matched_factor_source
age65,bridge_safe_2025_geography,73107,Maasmechelen,Maasmechelen,21.039038,true,matched_factor_source
age65,bridge_safe_2025_geography,73109,Fourons,Fourons,23.754266,true,matched_factor_source
age65,bridge_safe_2025_geography,73110,Bilzen-Hoeselt,Bilzen-Hoeselt,23.66059,true,matched_factor_source
age65,bridge_safe_2025_geography,73111,Tongeren-Borgloon,Tongres-Looz,24.634372,true,matched_factor_source
age65,bridge_safe_2025_geography,81001,Arlon,Arlon,16.631679,true,matched_factor_source
age65,bridge_safe_2025_geography,81003,Attert,Attert,15.487637,true,matched_factor_source
age65,bridge_safe_2025_geography,81004,Aubange,Aubange,15.914822,true,matched_factor_source
age65,bridge_safe_2025_geography,81013,Martelange,Martelange,12.698413,true,matched_factor_source
age65,bridge_safe_2025_geography,81015,Messancy,Messancy,17.656594,true,matched_factor_source
age65,bridge_safe_2025_geography,82009,Fauvillers,Fauvillers,14.156151,true,matched_factor_source
age65,bridge_safe_2025_geography,82014,Houffalize,Houffalize,20.167131,true,matched_factor_source
age65,bridge_safe_2025_geography,82032,Vielsalm,Vielsalm,21.348884,true,matched_factor_source
age65,bridge_safe_2025_geography,82036,Vaux-sur-Sure,Vaux-sur-Sûre,13.62782,true,matched_factor_source
age65,bridge_safe_2025_geography,82037,Gouvy,Gouvy,18.845657,true,matched_factor_source
age65,bridge_safe_2025_geography,82038,Sainte-Ode,Sainte-Ode,18.588322,true,matched_factor_source
age65,bridge_safe_2025_geography,82039,Bastenaken,Bastogne,16.772965,true,matched_factor_source
age65,bridge_safe_2025_geography,83012,Durbuy,Durbuy,24.243224,true,matched_factor_source
age65,bridge_safe_2025_geography,83013,Erezee,Erezée,24.792162,true,matched_factor_source
age65,bridge_safe_2025_geography,83028,Hotton,Hotton,20.705387,true,matched_factor_source
age65,bridge_safe_2025_geography,83031,La Roche-en-Ardenne,La Roche-en-Ardenne,24.438964,true,matched_factor_source
age65,bridge_safe_2025_geography,83034,Marche-en-Famenne,Marche-en-Famenne,21.613817,true,matched_factor_source
age65,bridge_safe_2025_geography,83040,Nassogne,Nassogne,20.091005,true,matched_factor_source
age65,bridge_safe_2025_geography,83044,Rendeux,Rendeux,20.707255,true,matched_factor_source
age65,bridge_safe_2025_geography,83049,Tenneville,Tenneville,20.926184,true,matched_factor_source
age65,bridge_safe_2025_geography,83055,Manhay,Manhay,18.58126,true,matched_factor_source
age65,bridge_safe_2025_geography,84009,Bertrix,Bertrix,20.735456,true,matched_factor_source
age65,bridge_safe_2025_geography,84010,Bouillon,Bouillon,27.437642,true,matched_factor_source
age65,bridge_safe_2025_geography,84016,Daverdisse,Daverdisse,24.051539,true,matched_factor_source
age65,bridge_safe_2025_geography,84029,Herbeumont,Herbeumont,19.757366,true,matched_factor_source
age65,bridge_safe_2025_geography,84033,Leglise,Léglise,11.993901,true,matched_factor_source
age65,bridge_safe_2025_geography,84035,Libin,Libin,19.421258,true,matched_factor_source
age65,bridge_safe_2025_geography,84043,Neufchateau,Neufchâteau,15.867907,true,matched_factor_source
age65,bridge_safe_2025_geography,84050,Paliseul,Paliseul,20.530751,true,matched_factor_source
age65,bridge_safe_2025_geography,84059,Saint-Hubert,Saint-Hubert,21.77321,true,matched_factor_source
age65,bridge_safe_2025_geography,84068,Tellin,Tellin,20.603414,true,matched_factor_source
age65,bridge_safe_2025_geography,84075,Wellin,Wellin,23.69639,true,matched_factor_source
age65,bridge_safe_2025_geography,84077,Libramont-Chevigny,Libramont-Chevigny,18.574389,true,matched_factor_source
age65,bridge_safe_2025_geography,85007,Chiny,Chiny,20.585982,true,matched_factor_source
age65,bridge_safe_2025_geography,85009,Etalle,Etalle,15.761589,true,matched_factor_source
age65,bridge_safe_2025_geography,85011,Florenville,Florenville,27.512762,true,matched_factor_source
age65,bridge_safe_2025_geography,85024,Meix-Devant-Virton,Meix-devant-Virton,21.529745,true,matched_factor_source
age65,bridge_safe_2025_geography,85026,Musson,Musson,16.776246,true,matched_factor_source
age65,bridge_safe_2025_geography,85034,Saint-Leger,Saint-Léger,16.684183,true,matched_factor_source
age65,bridge_safe_2025_geography,85039,Tintigny,Tintigny,16.461704,true,matched_factor_source
age65,bridge_safe_2025_geography,85045,Virton,Virton,21.150489,true,matched_factor_source
age65,bridge_safe_2025_geography,85046,Habay,Habay,15.930726,true,matched_factor_source
age65,bridge_safe_2025_geography,85047,Rouvroy,Rouvroy,22.126848,true,matched_factor_source
age65,bridge_safe_2025_geography,91005,Anhee,Anhée,21.666197,true,matched_factor_source
age65,bridge_safe_2025_geography,91013,Beauraing,Beauraing,22.957568,true,matched_factor_source
age65,bridge_safe_2025_geography,91015,Bievre,Bièvre,22.400919,true,matched_factor_source
age65,bridge_safe_2025_geography,91030,Ciney,Ciney,21.604434,true,matched_factor_source
age65,bridge_safe_2025_geography,91034,Dinant,Dinant,23.48643,true,matched_factor_source
age65,bridge_safe_2025_geography,91054,Gedinne,Gedinne,24.269567,true,matched_factor_source
age65,bridge_safe_2025_geography,91059,Hamois,Hamois,17.515329,true,matched_factor_source
age65,bridge_safe_2025_geography,91064,Havelange,Havelange,19.452608,true,matched_factor_source
age65,bridge_safe_2025_geography,91072,Houyet,Houyet,20.32147,true,matched_factor_source
age65,bridge_safe_2025_geography,91103,Onhaye,Onhaye,20.784795,true,matched_factor_source
age65,bridge_safe_2025_geography,91114,Rochefort,Rochefort,21.276262,true,matched_factor_source
age65,bridge_safe_2025_geography,91120,Somme-Leuze,Somme-Leuze,18.004132,true,matched_factor_source
age65,bridge_safe_2025_geography,91141,Yvoir,Yvoir,20.72297,true,matched_factor_source
age65,bridge_safe_2025_geography,91142,Hastiere,Hastière,27.332565,true,matched_factor_source
age65,bridge_safe_2025_geography,91143,Vresse-sur-Semois,Vresse-sur-Semois,30.900243,true,matched_factor_source
age65,bridge_safe_2025_geography,92003,Andenne,Andenne,20.177768,true,matched_factor_source
age65,bridge_safe_2025_geography,92006,Assesse,Assesse,17.85811,true,matched_factor_source
age65,bridge_safe_2025_geography,92035,Eghezee,Eghezée,19.858574,true,matched_factor_source
age65,bridge_safe_2025_geography,92045,Floreffe,Floreffe,19.413874,true,matched_factor_source
age65,bridge_safe_2025_geography,92048,Fosses-la-Ville,Fosses-la-Ville,19.347475,true,matched_factor_source
age65,bridge_safe_2025_geography,92054,Gesves,Gesves,18.680583,true,matched_factor_source
age65,bridge_safe_2025_geography,92087,Mettet,Mettet,19.556629,true,matched_factor_source
age65,bridge_safe_2025_geography,92094,Namur,Namur,21.561274,true,matched_factor_source
age65,bridge_safe_2025_geography,92097,Ohey,Ohey,18.013343,true,matched_factor_source
age65,bridge_safe_2025_geography,92101,Profondeville,Profondeville,21.762839,true,matched_factor_source
age65,bridge_safe_2025_geography,92114,Sombreffe,Sombreffe,19.012405,true,matched_factor_source
age65,bridge_safe_2025_geography,92137,Sambreville,Sambreville,20.614265,true,matched_factor_source
age65,bridge_safe_2025_geography,92138,Fernelmont,Fernelmont,18.599269,true,matched_factor_source
age65,bridge_safe_2025_geography,92140,Jemeppe-sur-Sambre,Jemeppe-sur-Sambre,18.208273,true,matched_factor_source
age65,bridge_safe_2025_geography,92141,la Bruyere,La Bruyère,18.964786,true,matched_factor_source
age65,bridge_safe_2025_geography,92142,Gembloux,Gembloux,19.828397,true,matched_factor_source
age65,bridge_safe_2025_geography,93010,Cerfontaine,Cerfontaine,20.215311,true,matched_factor_source
age65,bridge_safe_2025_geography,93014,Couvin,Couvin,23.824226,true,matched_factor_source
age65,bridge_safe_2025_geography,93018,Doische,Doische,23.243977,true,matched_factor_source
age65,bridge_safe_2025_geography,93022,Florennes,Florennes,20.780129,true,matched_factor_source
age65,bridge_safe_2025_geography,93056,Philippeville,Philippeville,22.523179,true,matched_factor_source
age65,bridge_safe_2025_geography,93088,Walcourt,Walcourt,22.412477,true,matched_factor_source
age65,bridge_safe_2025_geography,93090,Viroinval,Viroinval,26.510127,true,matched_factor_source
age65,selected_2025_municipality_extra_not_in_first_bridge_safe_layer,23098,,Drogenbos,16.845228,true,extra_factor_row_facility_language_layer_or_non_runtime
age65,selected_2025_municipality_extra_not_in_first_bridge_safe_layer,23099,,Kraainem,19.149088,true,extra_factor_row_facility_language_layer_or_non_runtime
age65,selected_2025_municipality_extra_not_in_first_bridge_safe_layer,23100,,Linkebeek,21.891718,true,extra_factor_row_facility_language_layer_or_non_runtime
age65,selected_2025_municipality_extra_not_in_first_bridge_safe_layer,23101,,Rhode-Saint-Genèse,21.48534,true,extra_factor_row_facility_language_layer_or_non_runtime
age65,selected_2025_municipality_extra_not_in_first_bridge_safe_layer,23102,,Wemmel,19.107827,true,extra_factor_row_facility_language_layer_or_non_runtime
age65,selected_2025_municipality_extra_not_in_first_bridge_safe_layer,23103,,Wezembeek-Oppem,20.810449,true,extra_factor_row_facility_language_layer_or_non_runtime
