coverage_scope,public_geography_id,bridge_municipality,population_municipality,population_value,population_match,coverage_status
bridge_safe_2025_geography,11001,Aartselaar,Aartselaar,15093,true,matched_population_source
bridge_safe_2025_geography,11002,Antwerpen,Anvers,562002,true,matched_population_source
bridge_safe_2025_geography,11004,Boechout,Boechout,14084,true,matched_population_source
bridge_safe_2025_geography,11005,Boom,Boom,19699,true,matched_population_source
bridge_safe_2025_geography,11008,Brasschaat,Brasschaat,38416,true,matched_population_source
bridge_safe_2025_geography,11009,Brecht,Brecht,30664,true,matched_population_source
bridge_safe_2025_geography,11013,Edegem,Edegem,23502,true,matched_population_source
bridge_safe_2025_geography,11016,Essen,Essen,19606,true,matched_population_source
bridge_safe_2025_geography,11018,Hemiksem,Hemiksem,12428,true,matched_population_source
bridge_safe_2025_geography,11021,Hove,Hove,8366,true,matched_population_source
bridge_safe_2025_geography,11022,Kalmthout,Kalmthout,19712,true,matched_population_source
bridge_safe_2025_geography,11023,Kapellen,Kapellen,27976,true,matched_population_source
bridge_safe_2025_geography,11024,Kontich,Kontich,21801,true,matched_population_source
bridge_safe_2025_geography,11025,Lint,Lint,8499,true,matched_population_source
bridge_safe_2025_geography,11029,Mortsel,Mortsel,26736,true,matched_population_source
bridge_safe_2025_geography,11030,Niel,Niel,11032,true,matched_population_source
bridge_safe_2025_geography,11035,Ranst,Ranst,19755,true,matched_population_source
bridge_safe_2025_geography,11037,Rumst,Rumst,15692,true,matched_population_source
bridge_safe_2025_geography,11038,Schelle,Schelle,8682,true,matched_population_source
bridge_safe_2025_geography,11039,Schilde,Schilde,20508,true,matched_population_source
bridge_safe_2025_geography,11040,Schoten,Schoten,34926,true,matched_population_source
bridge_safe_2025_geography,11044,Stabroek,Stabroek,18970,true,matched_population_source
bridge_safe_2025_geography,11050,Wijnegem,Wijnegem,10650,true,matched_population_source
bridge_safe_2025_geography,11052,Wommelgem,Wommelgem,13564,true,matched_population_source
bridge_safe_2025_geography,11053,Wuustwezel,Wuustwezel,21941,true,matched_population_source
bridge_safe_2025_geography,11054,Zandhoven,Zandhoven,13423,true,matched_population_source
bridge_safe_2025_geography,11055,Zoersel,Zoersel,22770,true,matched_population_source
bridge_safe_2025_geography,11057,Malle,Malle,16248,true,matched_population_source
bridge_safe_2025_geography,12002,Berlaar,Berlaar,12115,true,matched_population_source
bridge_safe_2025_geography,12005,Bonheiden,Bonheiden,15641,true,matched_population_source
bridge_safe_2025_geography,12007,Bornem,Bornem,22232,true,matched_population_source
bridge_safe_2025_geography,12009,Duffel,Duffel,18100,true,matched_population_source
bridge_safe_2025_geography,12014,Heist-op-den-Berg,Heist-op-den-Berg,44723,true,matched_population_source
bridge_safe_2025_geography,12021,Lier,Lierre,38517,true,matched_population_source
bridge_safe_2025_geography,12025,Mechelen,Malines,89655,true,matched_population_source
bridge_safe_2025_geography,12026,Nijlen,Nijlen,23747,true,matched_population_source
bridge_safe_2025_geography,12029,Putte,Putte,19091,true,matched_population_source
bridge_safe_2025_geography,12035,Sint-Katelijne-Waver,Sint-Katelijne-Waver,21917,true,matched_population_source
bridge_safe_2025_geography,12040,Willebroek,Willebroek,28620,true,matched_population_source
bridge_safe_2025_geography,12041,Puurs-Saint-Amands,Puurs-Sint-Amands,27066,true,matched_population_source
bridge_safe_2025_geography,13001,Arendonk,Arendonk,13323,true,matched_population_source
bridge_safe_2025_geography,13002,Baarle-Hertog,Baerle-Duc,3083,true,matched_population_source
bridge_safe_2025_geography,13003,Balen,Balen,23777,true,matched_population_source
bridge_safe_2025_geography,13004,Beerse,Beerse,18710,true,matched_population_source
bridge_safe_2025_geography,13006,Dessel,Dessel,10076,true,matched_population_source
bridge_safe_2025_geography,13008,Geel,Geel,42427,true,matched_population_source
bridge_safe_2025_geography,13010,Grobbendonk,Grobbendonk,11609,true,matched_population_source
bridge_safe_2025_geography,13011,Herentals,Herentals,29001,true,matched_population_source
bridge_safe_2025_geography,13012,Herenthout,Herenthout,9504,true,matched_population_source
bridge_safe_2025_geography,13013,Herselt,Herselt,14829,true,matched_population_source
bridge_safe_2025_geography,13014,Hoogstraten,Hoogstraten,22403,true,matched_population_source
bridge_safe_2025_geography,13016,Hulshout,Hulshout,10634,true,matched_population_source
bridge_safe_2025_geography,13017,Kasterlee,Kasterlee,19802,true,matched_population_source
bridge_safe_2025_geography,13019,Lille,Lille,17130,true,matched_population_source
bridge_safe_2025_geography,13021,Meerhout,Meerhout,10377,true,matched_population_source
bridge_safe_2025_geography,13023,Merksplas,Merksplas,8921,true,matched_population_source
bridge_safe_2025_geography,13025,Mol,Mol,38701,true,matched_population_source
bridge_safe_2025_geography,13029,Olen,Olen,12915,true,matched_population_source
bridge_safe_2025_geography,13031,Oud-Turnhout,Oud-Turnhout,15045,true,matched_population_source
bridge_safe_2025_geography,13035,Ravels,Ravels,15712,true,matched_population_source
bridge_safe_2025_geography,13036,Retie,Retie,11995,true,matched_population_source
bridge_safe_2025_geography,13037,Rijkevorsel,Rijkevorsel,12560,true,matched_population_source
bridge_safe_2025_geography,13040,Turnhout,Turnhout,47965,true,matched_population_source
bridge_safe_2025_geography,13044,Vorselaar,Vorselaar,8079,true,matched_population_source
bridge_safe_2025_geography,13046,Vosselaar,Vosselaar,11816,true,matched_population_source
bridge_safe_2025_geography,13049,Westerlo,Westerlo,25691,true,matched_population_source
bridge_safe_2025_geography,13053,Laakdal,Laakdal,16935,true,matched_population_source
bridge_safe_2025_geography,21001,Anderlecht,Anderlecht,128724,true,matched_population_source
bridge_safe_2025_geography,21002,Auderghem,Auderghem,35698,true,matched_population_source
bridge_safe_2025_geography,21003,Berchem-Sainte-Agathe,Berchem-Sainte-Agathe,25803,true,matched_population_source
bridge_safe_2025_geography,21004,Bruxelles,Bruxelles,198314,true,matched_population_source
bridge_safe_2025_geography,21005,Etterbeek,Etterbeek,49131,true,matched_population_source
bridge_safe_2025_geography,21006,Evere,Evere,45892,true,matched_population_source
bridge_safe_2025_geography,21007,Forest,Forest,58675,true,matched_population_source
bridge_safe_2025_geography,21008,Ganshoren,Ganshoren,25693,true,matched_population_source
bridge_safe_2025_geography,21009,Ixelles,Ixelles,89897,true,matched_population_source
bridge_safe_2025_geography,21010,Jette,Jette,54390,true,matched_population_source
bridge_safe_2025_geography,21011,Koekelberg,Koekelberg,22979,true,matched_population_source
bridge_safe_2025_geography,21012,Molenbeek-Saint-Jean,Molenbeek-Saint-Jean,98713,true,matched_population_source
bridge_safe_2025_geography,21013,Saint-Gilles,Saint-Gilles,48827,true,matched_population_source
bridge_safe_2025_geography,21014,Saint-Josse-ten-Noode,Saint-Josse-ten-Noode,27258,true,matched_population_source
bridge_safe_2025_geography,21015,Schaerbeek,Schaerbeek,129775,true,matched_population_source
bridge_safe_2025_geography,21016,Uccle,Uccle,87194,true,matched_population_source
bridge_safe_2025_geography,21017,Watermael-Boitsfort,Watermael-Boitsfort,25327,true,matched_population_source
bridge_safe_2025_geography,21018,Woluwe-Saint-Lambert,Woluwe-Saint-Lambert,60956,true,matched_population_source
bridge_safe_2025_geography,21019,Woluwe-Saint-Pierre,Woluwe-Saint-Pierre,42549,true,matched_population_source
bridge_safe_2025_geography,23002,Asse,Asse,35882,true,matched_population_source
bridge_safe_2025_geography,23003,Beersel,Beersel,26593,true,matched_population_source
bridge_safe_2025_geography,23009,Bever,Biévène,2266,true,matched_population_source
bridge_safe_2025_geography,23016,Dilbeek,Dilbeek,45069,true,matched_population_source
bridge_safe_2025_geography,23025,Grimbergen,Grimbergen,40062,true,matched_population_source
bridge_safe_2025_geography,23027,Halle,Hal,42884,true,matched_population_source
bridge_safe_2025_geography,23033,Hoeilaart,Hoeilaart,11565,true,matched_population_source
bridge_safe_2025_geography,23038,Kampenhout,Kampenhout,12606,true,matched_population_source
bridge_safe_2025_geography,23039,Kapelle-op-den-Bos,Kapelle-op-den-Bos,9806,true,matched_population_source
bridge_safe_2025_geography,23044,Liedekerke,Liedekerke,14155,true,matched_population_source
bridge_safe_2025_geography,23045,Londerzeel,Londerzeel,19491,true,matched_population_source
bridge_safe_2025_geography,23047,Machelen,Machelen,16784,true,matched_population_source
bridge_safe_2025_geography,23050,Meise,Meise,20392,true,matched_population_source
bridge_safe_2025_geography,23052,Merchtem,Merchtem,18361,true,matched_population_source
bridge_safe_2025_geography,23060,Opwijk,Opwijk,15006,true,matched_population_source
bridge_safe_2025_geography,23062,Overijse,Overijse,26250,true,matched_population_source
bridge_safe_2025_geography,23064,Pepingen,Pepingen,4564,true,matched_population_source
bridge_safe_2025_geography,23077,Sint-Pieters-Leeuw,Sint-Pieters-Leeuw,36732,true,matched_population_source
bridge_safe_2025_geography,23081,Steenokkerzeel,Steenokkerzeel,12727,true,matched_population_source
bridge_safe_2025_geography,23086,Ternat,Ternat,16691,true,matched_population_source
bridge_safe_2025_geography,23088,Vilvoorde,Vilvorde,48040,true,matched_population_source
bridge_safe_2025_geography,23094,Zaventem,Zaventem,37271,true,matched_population_source
bridge_safe_2025_geography,23096,Zemst,Zemst,23369,true,matched_population_source
bridge_safe_2025_geography,23097,Roosdaal,Roosdaal,12021,true,matched_population_source
bridge_safe_2025_geography,23104,Lennik,Lennik,9481,true,matched_population_source
bridge_safe_2025_geography,23105,Affligem,Affligem,13770,true,matched_population_source
bridge_safe_2025_geography,23106,Pajottegem,Pajottegem,25287,true,matched_population_source
bridge_safe_2025_geography,24001,Aarschot,Aarschot,31514,true,matched_population_source
bridge_safe_2025_geography,24007,Begijnendijk,Begijnendijk,10642,true,matched_population_source
bridge_safe_2025_geography,24008,Bekkevoort,Bekkevoort,6922,true,matched_population_source
bridge_safe_2025_geography,24009,Bertem,Bertem,10342,true,matched_population_source
bridge_safe_2025_geography,24011,Bierbeek,Bierbeek,10778,true,matched_population_source
bridge_safe_2025_geography,24014,Boortmeerbeek,Boortmeerbeek,13400,true,matched_population_source
bridge_safe_2025_geography,24016,Boutersem,Boutersem,8709,true,matched_population_source
bridge_safe_2025_geography,24020,Diest,Diest,25141,true,matched_population_source
bridge_safe_2025_geography,24028,Geetbets,Geetbets,6342,true,matched_population_source
bridge_safe_2025_geography,24033,Haacht,Haacht,15671,true,matched_population_source
bridge_safe_2025_geography,24038,Herent,Herent,23081,true,matched_population_source
bridge_safe_2025_geography,24041,Hoegaarden,Hoegaarden,6963,true,matched_population_source
bridge_safe_2025_geography,24043,Holsbeek,Holsbeek,10234,true,matched_population_source
bridge_safe_2025_geography,24045,Huldenberg,Huldenberg,10071,true,matched_population_source
bridge_safe_2025_geography,24048,Keerbergen,Keerbergen,13355,true,matched_population_source
bridge_safe_2025_geography,24054,Kortenaken,Kortenaken,7984,true,matched_population_source
bridge_safe_2025_geography,24055,Kortenberg,Kortenberg,21386,true,matched_population_source
bridge_safe_2025_geography,24059,Landen,Landen,16375,true,matched_population_source
bridge_safe_2025_geography,24062,Leuven,Louvain,104906,true,matched_population_source
bridge_safe_2025_geography,24066,Lubbeek,Lubbeek,15236,true,matched_population_source
bridge_safe_2025_geography,24086,Oud-Heverlee,Oud-Heverlee,11406,true,matched_population_source
bridge_safe_2025_geography,24094,Rotselaar,Rotselaar,17689,true,matched_population_source
bridge_safe_2025_geography,24104,Tervuren,Tervuren,23246,true,matched_population_source
bridge_safe_2025_geography,24107,Tienen,Tirlemont,36890,true,matched_population_source
bridge_safe_2025_geography,24109,Tremelo,Tremelo,15418,true,matched_population_source
bridge_safe_2025_geography,24130,Zoutleeuw,Léau,8766,true,matched_population_source
bridge_safe_2025_geography,24133,Linter,Linter,7354,true,matched_population_source
bridge_safe_2025_geography,24134,Scherpenheuvel-Zichem,Montaigu-Zichem,24200,true,matched_population_source
bridge_safe_2025_geography,24135,Tielt-Winge,Tielt-Winge,11568,true,matched_population_source
bridge_safe_2025_geography,24137,Glabbeek,Glabbeek,5449,true,matched_population_source
bridge_safe_2025_geography,25005,Beauvechain,Beauvechain,7242,true,matched_population_source
bridge_safe_2025_geography,25014,Braine-l'Alleud,Braine-l’Alleud,40756,true,matched_population_source
bridge_safe_2025_geography,25015,Braine-le-Chateau,Braine-le-Château,10638,true,matched_population_source
bridge_safe_2025_geography,25018,Chaumont-Gistoux,Chaumont-Gistoux,11894,true,matched_population_source
bridge_safe_2025_geography,25023,Court-Saint-Etienne,Court-Saint-Etienne,10927,true,matched_population_source
bridge_safe_2025_geography,25031,Genappe,Genappe,16160,true,matched_population_source
bridge_safe_2025_geography,25037,Grez-Doiceau,Grez-Doiceau,14014,true,matched_population_source
bridge_safe_2025_geography,25043,Incourt,Incourt,5658,true,matched_population_source
bridge_safe_2025_geography,25044,Ittre,Ittre,6963,true,matched_population_source
bridge_safe_2025_geography,25048,Jodoigne,Jodoigne,14935,true,matched_population_source
bridge_safe_2025_geography,25050,La Hulpe,La Hulpe,7482,true,matched_population_source
bridge_safe_2025_geography,25068,Mont-Saint-Guibert,Mont-Saint-Guibert,8451,true,matched_population_source
bridge_safe_2025_geography,25072,Nivelles,Nivelles,29429,true,matched_population_source
bridge_safe_2025_geography,25084,Perwez,Perwez,9844,true,matched_population_source
bridge_safe_2025_geography,25091,Rixensart,Rixensart,23052,true,matched_population_source
bridge_safe_2025_geography,25105,Tubize,Tubize,28716,true,matched_population_source
bridge_safe_2025_geography,25107,Villers-la-Ville,Villers-la-Ville,11059,true,matched_population_source
bridge_safe_2025_geography,25110,Waterloo,Waterloo,30389,true,matched_population_source
bridge_safe_2025_geography,25112,Wavre,Wavre,35581,true,matched_population_source
bridge_safe_2025_geography,25117,Chastre,Chastre,7813,true,matched_population_source
bridge_safe_2025_geography,25118,Helecine,Hélécine,3894,true,matched_population_source
bridge_safe_2025_geography,25119,Lasne,Lasne,14175,true,matched_population_source
bridge_safe_2025_geography,25120,Orp-Jauche,Orp-Jauche,9092,true,matched_population_source
bridge_safe_2025_geography,25121,Ottignies-Louvain-la-Neuve,Ottignies-Louvain-la-Neuve,31766,true,matched_population_source
bridge_safe_2025_geography,25122,Ramillies,Ramillies,6710,true,matched_population_source
bridge_safe_2025_geography,25123,Rebecq,Rebecq,11185,true,matched_population_source
bridge_safe_2025_geography,25124,Walhain,Walhain,7556,true,matched_population_source
bridge_safe_2025_geography,31003,Beernem,Beernem,16318,true,matched_population_source
bridge_safe_2025_geography,31004,Blankenberge,Blankenberge,20654,true,matched_population_source
bridge_safe_2025_geography,31005,Brugge,Bruges,120283,true,matched_population_source
bridge_safe_2025_geography,31006,Damme,Damme,11278,true,matched_population_source
bridge_safe_2025_geography,31012,Jabbeke,Jabbeke,14932,true,matched_population_source
bridge_safe_2025_geography,31022,Oostkamp,Oostkamp,24142,true,matched_population_source
bridge_safe_2025_geography,31033,Torhout,Torhout,21159,true,matched_population_source
bridge_safe_2025_geography,31040,Zedelgem,Zedelgem,23635,true,matched_population_source
bridge_safe_2025_geography,31042,Zuienkerke,Zuienkerke,2657,true,matched_population_source
bridge_safe_2025_geography,31043,Knokke-Heist,Knokke-Heist,32415,true,matched_population_source
bridge_safe_2025_geography,32003,Diksmuide,Dixmude,17337,true,matched_population_source
bridge_safe_2025_geography,32006,Houthulst,Houthulst,10525,true,matched_population_source
bridge_safe_2025_geography,32010,Koekelare,Koekelare,8801,true,matched_population_source
bridge_safe_2025_geography,32011,Kortemark,Kortemark,12882,true,matched_population_source
bridge_safe_2025_geography,32030,Lo-Reninge,Lo-Reninge,3183,true,matched_population_source
bridge_safe_2025_geography,33011,Ieper,Ypres,35587,true,matched_population_source
bridge_safe_2025_geography,33016,Mesen,Messines,1071,true,matched_population_source
bridge_safe_2025_geography,33021,Poperinge,Poperinge,19962,true,matched_population_source
bridge_safe_2025_geography,33029,Wervik,Wervik,19207,true,matched_population_source
bridge_safe_2025_geography,33037,Zonnebeke,Zonnebeke,12769,true,matched_population_source
bridge_safe_2025_geography,33039,Heuvelland,Heuvelland,8021,true,matched_population_source
bridge_safe_2025_geography,33040,Langemark-Poelkapelle,Langemark-Poelkapelle,8202,true,matched_population_source
bridge_safe_2025_geography,33041,Vleteren,Vleteren,3583,true,matched_population_source
bridge_safe_2025_geography,34002,Anzegem,Anzegem,15246,true,matched_population_source
bridge_safe_2025_geography,34003,Avelgem,Avelgem,10450,true,matched_population_source
bridge_safe_2025_geography,34009,Deerlijk,Deerlijk,12690,true,matched_population_source
bridge_safe_2025_geography,34013,Harelbeke,Harelbeke,30311,true,matched_population_source
bridge_safe_2025_geography,34022,Kortrijk,Courtrai,80776,true,matched_population_source
bridge_safe_2025_geography,34023,Kuurne,Kuurne,14244,true,matched_population_source
bridge_safe_2025_geography,34025,Lendelede,Lendelede,5849,true,matched_population_source
bridge_safe_2025_geography,34027,Menen,Menin,34585,true,matched_population_source
bridge_safe_2025_geography,34040,Waregem,Waregem,40436,true,matched_population_source
bridge_safe_2025_geography,34041,Wevelgem,Wevelgem,31940,true,matched_population_source
bridge_safe_2025_geography,34042,Zwevegem,Zwevegem,25870,true,matched_population_source
bridge_safe_2025_geography,34043,Spiere-Helkijn,Espierres-Helchin,2053,true,matched_population_source
bridge_safe_2025_geography,35002,Bredene,Bredene,18196,true,matched_population_source
bridge_safe_2025_geography,35005,Gistel,Gistel,12117,true,matched_population_source
bridge_safe_2025_geography,35006,Ichtegem,Ichtegem,14622,true,matched_population_source
bridge_safe_2025_geography,35011,Middelkerke,Middelkerke,20023,true,matched_population_source
bridge_safe_2025_geography,35013,Oostende,Ostende,72817,true,matched_population_source
bridge_safe_2025_geography,35014,Oudenburg,Oudenburg,10231,true,matched_population_source
bridge_safe_2025_geography,35029,De Haan,De Haan,12627,true,matched_population_source
bridge_safe_2025_geography,36006,Hooglede,Hooglede,10312,true,matched_population_source
bridge_safe_2025_geography,36007,Ingelmunster,Ingelmunster,11597,true,matched_population_source
bridge_safe_2025_geography,36008,Izegem,Izegem,29427,true,matched_population_source
bridge_safe_2025_geography,36010,Ledegem,Ledegem,9775,true,matched_population_source
bridge_safe_2025_geography,36011,Lichtervelde,Lichtervelde,9437,true,matched_population_source
bridge_safe_2025_geography,36012,Moorslede,Moorslede,11504,true,matched_population_source
bridge_safe_2025_geography,36015,Roeselare,Roulers,66888,true,matched_population_source
bridge_safe_2025_geography,36019,Staden,Staden,11696,true,matched_population_source
bridge_safe_2025_geography,37002,Dentergem,Dentergem,8673,true,matched_population_source
bridge_safe_2025_geography,37010,Oostrozebeke,Oostrozebeke,8013,true,matched_population_source
bridge_safe_2025_geography,37011,Pittem,Pittem,6971,true,matched_population_source
bridge_safe_2025_geography,37017,Wielsbeke,Wielsbeke,10256,true,matched_population_source
bridge_safe_2025_geography,37020,Ardooie,Ardooie,9514,true,matched_population_source
bridge_safe_2025_geography,37021,Wingene,Wingene,20781,true,matched_population_source
bridge_safe_2025_geography,37022,Tielt,Tielt,31908,true,matched_population_source
bridge_safe_2025_geography,38002,Alveringem,Alveringem,4966,true,matched_population_source
bridge_safe_2025_geography,38008,De Panne,La Panne,10874,true,matched_population_source
bridge_safe_2025_geography,38014,Koksijde,Koksijde,21344,true,matched_population_source
bridge_safe_2025_geography,38016,Nieuwpoort,Nieuport,11399,true,matched_population_source
bridge_safe_2025_geography,38025,Veurne,Furnes,12564,true,matched_population_source
bridge_safe_2025_geography,41002,Aalst,Alost,92131,true,matched_population_source
bridge_safe_2025_geography,41011,Denderleeuw,Denderleeuw,21257,true,matched_population_source
bridge_safe_2025_geography,41018,Geraardsbergen,Grammont,35236,true,matched_population_source
bridge_safe_2025_geography,41024,Haaltert,Haaltert,19517,true,matched_population_source
bridge_safe_2025_geography,41027,Herzele,Herzele,19179,true,matched_population_source
bridge_safe_2025_geography,41034,Lede,Lede,19425,true,matched_population_source
bridge_safe_2025_geography,41048,Ninove,Ninove,40580,true,matched_population_source
bridge_safe_2025_geography,41063,Sint-Lievens-Houtem,Sint-Lievens-Houtem,10748,true,matched_population_source
bridge_safe_2025_geography,41081,Zottegem,Zottegem,28236,true,matched_population_source
bridge_safe_2025_geography,41082,Erpe-Mere,Erpe-Mere,21117,true,matched_population_source
bridge_safe_2025_geography,42003,Berlare,Berlare,15425,true,matched_population_source
bridge_safe_2025_geography,42004,Buggenhout,Buggenhout,15079,true,matched_population_source
bridge_safe_2025_geography,42006,Dendermonde,Termonde,47539,true,matched_population_source
bridge_safe_2025_geography,42008,Hamme,Hamme,25706,true,matched_population_source
bridge_safe_2025_geography,42010,Laarne,Laarne,12496,true,matched_population_source
bridge_safe_2025_geography,42011,Lebbeke,Lebbeke,20298,true,matched_population_source
bridge_safe_2025_geography,42023,Waasmunster,Waasmunster,11395,true,matched_population_source
bridge_safe_2025_geography,42025,Wetteren,Wetteren,26926,true,matched_population_source
bridge_safe_2025_geography,42026,Wichelen,Wichelen,12050,true,matched_population_source
bridge_safe_2025_geography,42028,Zele,Zele,21521,true,matched_population_source
bridge_safe_2025_geography,43002,Assenede,Assenede,14617,true,matched_population_source
bridge_safe_2025_geography,43005,Eeklo,Eeklo,22733,true,matched_population_source
bridge_safe_2025_geography,43007,Kaprijke,Kaprijke,6638,true,matched_population_source
bridge_safe_2025_geography,43010,Maldegem,Maldegem,24883,true,matched_population_source
bridge_safe_2025_geography,43014,Sint-Laureins,Sint-Laureins,6941,true,matched_population_source
bridge_safe_2025_geography,43018,Zelzate,Zelzate,13653,true,matched_population_source
bridge_safe_2025_geography,44013,Destelbergen,Destelbergen,19088,true,matched_population_source
bridge_safe_2025_geography,44019,Evergem,Evergem,37254,true,matched_population_source
bridge_safe_2025_geography,44020,Gavere,Gavere,13353,true,matched_population_source
bridge_safe_2025_geography,44021,Gent,Gand,272657,true,matched_population_source
bridge_safe_2025_geography,44052,Oosterzele,Oosterzele,14088,true,matched_population_source
bridge_safe_2025_geography,44064,Sint-Martens-Latem,Sint-Martens-Latem,8149,true,matched_population_source
bridge_safe_2025_geography,44081,Zulte,Zulte,16233,true,matched_population_source
bridge_safe_2025_geography,44083,Deinze,Deinze,46026,true,matched_population_source
bridge_safe_2025_geography,44084,Aalter,Aalter,29830,true,matched_population_source
bridge_safe_2025_geography,44085,Lievegem,Lievegem,27350,true,matched_population_source
bridge_safe_2025_geography,44086,Nazareth-De Pinte,Nazareth-De Pinte,23574,true,matched_population_source
bridge_safe_2025_geography,44087,Lochristi,Lochristi,30916,true,matched_population_source
bridge_safe_2025_geography,44088,Merelbeke-Melle,Merelbeke-Melle,37369,true,matched_population_source
bridge_safe_2025_geography,45035,Oudenaarde,Audenarde,32930,true,matched_population_source
bridge_safe_2025_geography,45041,Ronse,Renaix,27577,true,matched_population_source
bridge_safe_2025_geography,45059,Brakel,Brakel,15127,true,matched_population_source
bridge_safe_2025_geography,45060,Kluisbergen,Kluisbergen,6869,true,matched_population_source
bridge_safe_2025_geography,45061,Wortegem-Petegem,Wortegem-Petegem,6545,true,matched_population_source
bridge_safe_2025_geography,45062,Horebeke,Horebeke,2026,true,matched_population_source
bridge_safe_2025_geography,45063,Lierde,Lierde,6858,true,matched_population_source
bridge_safe_2025_geography,45064,Maarkedal,Maarkedal,6320,true,matched_population_source
bridge_safe_2025_geography,45065,Zwalm,Zwalin,8348,true,matched_population_source
bridge_safe_2025_geography,45068,Kruisem,Kruisem,16006,true,matched_population_source
bridge_safe_2025_geography,46020,Sint-Gillis-Waas,Sint-Gillis-Waas,20139,true,matched_population_source
bridge_safe_2025_geography,46021,Sint-Niklaas,Sint-Niklaas,82661,true,matched_population_source
bridge_safe_2025_geography,46024,Stekene,Stekene,19767,true,matched_population_source
bridge_safe_2025_geography,46025,Temse,Tamise,31613,true,matched_population_source
bridge_safe_2025_geography,46029,Lokeren,Lokeren,50606,true,matched_population_source
bridge_safe_2025_geography,46030,Beveren-Kruibeke-Zwijndrecht,Beveren-Kruibeke-Zwijndrecht,87927,true,matched_population_source
bridge_safe_2025_geography,51004,Ath,Ath,30123,true,matched_population_source
bridge_safe_2025_geography,51008,Beloeil,Beloeil,14232,true,matched_population_source
bridge_safe_2025_geography,51009,Bernissart,Bernissart,11894,true,matched_population_source
bridge_safe_2025_geography,51012,Brugelette,Brugelette,3878,true,matched_population_source
bridge_safe_2025_geography,51014,Chievres,Chièvres,7145,true,matched_population_source
bridge_safe_2025_geography,51017,Ellezelles,Ellezelles,5948,true,matched_population_source
bridge_safe_2025_geography,51019,Flobecq,Flobecq,3441,true,matched_population_source
bridge_safe_2025_geography,51065,Frasnes-lez-Anvaing,Frasnes-lez-Anvaing,12256,true,matched_population_source
bridge_safe_2025_geography,51067,Enghien,Enghien,14567,true,matched_population_source
bridge_safe_2025_geography,51068,Silly,Silly,8422,true,matched_population_source
bridge_safe_2025_geography,51069,Lessines,Lessines,18853,true,matched_population_source
bridge_safe_2025_geography,52010,Chapelle-lez-Herlaimont,Chapelle-lez-Herlaimont,15030,true,matched_population_source
bridge_safe_2025_geography,52011,Charleroi,Charleroi,205763,true,matched_population_source
bridge_safe_2025_geography,52012,Chatelet,Châtelet,35979,true,matched_population_source
bridge_safe_2025_geography,52015,Courcelles,Courcelles,31436,true,matched_population_source
bridge_safe_2025_geography,52018,Farciennes,Farciennes,11471,true,matched_population_source
bridge_safe_2025_geography,52021,Fleurus,Fleurus,22922,true,matched_population_source
bridge_safe_2025_geography,52022,Fontaine-l'Eveque,Fontaine-l’Evêque,17985,true,matched_population_source
bridge_safe_2025_geography,52025,Gerpinnes,Gerpinnes,12900,true,matched_population_source
bridge_safe_2025_geography,52048,Montigny-le-Tilleul,Montigny-le-Tilleul,10170,true,matched_population_source
bridge_safe_2025_geography,52055,Pont-a-Celles,Pont-à-Celles,17662,true,matched_population_source
bridge_safe_2025_geography,52074,Aiseau-Presles,Aiseau-Presles,10956,true,matched_population_source
bridge_safe_2025_geography,52075,Les Bons Villers,Les Bons Villers,9705,true,matched_population_source
bridge_safe_2025_geography,53014,Boussu,Boussu,20401,true,matched_population_source
bridge_safe_2025_geography,53020,Dour,Dour,16559,true,matched_population_source
bridge_safe_2025_geography,53028,Frameries,Frameries,21630,true,matched_population_source
bridge_safe_2025_geography,53039,Hensies,Hensies,6776,true,matched_population_source
bridge_safe_2025_geography,53044,Jurbise,Jurbise,10912,true,matched_population_source
bridge_safe_2025_geography,53046,Lens,Lens,4677,true,matched_population_source
bridge_safe_2025_geography,53053,Mons,Mons,97120,true,matched_population_source
bridge_safe_2025_geography,53065,Quaregnon,Quaregnon,19022,true,matched_population_source
bridge_safe_2025_geography,53068,Quievrain,Quiévrain,6861,true,matched_population_source
bridge_safe_2025_geography,53070,Saint-Ghislain,Saint-Ghislain,23756,true,matched_population_source
bridge_safe_2025_geography,53082,Colfontaine,Colfontaine,20813,true,matched_population_source
bridge_safe_2025_geography,53083,Honnelles,Honnelles,5104,true,matched_population_source
bridge_safe_2025_geography,53084,Quevy,Quévy,8194,true,matched_population_source
bridge_safe_2025_geography,55004,Braine-le-Comte,Braine-le-Comte,23604,true,matched_population_source
bridge_safe_2025_geography,55035,Le Roeulx,Le Roeulx,8709,true,matched_population_source
bridge_safe_2025_geography,55040,Soignies,Soignies,29249,true,matched_population_source
bridge_safe_2025_geography,55050,Ecaussinnes,Ecaussinnes,11622,true,matched_population_source
bridge_safe_2025_geography,55085,Seneffe,Seneffe,11631,true,matched_population_source
bridge_safe_2025_geography,55086,Manage,Manage,24202,true,matched_population_source
bridge_safe_2025_geography,56001,Anderlues,Anderlues,12955,true,matched_population_source
bridge_safe_2025_geography,56005,Beaumont,Beaumont,7096,true,matched_population_source
bridge_safe_2025_geography,56016,Chimay,Chimay,9673,true,matched_population_source
bridge_safe_2025_geography,56022,Erquelinnes,Erquelinnes,9983,true,matched_population_source
bridge_safe_2025_geography,56029,Froidchapelle,Froidchapelle,4067,true,matched_population_source
bridge_safe_2025_geography,56044,Lobbes,Lobbes,5958,true,matched_population_source
bridge_safe_2025_geography,56049,Merbes-le-Chateau,Merbes-le-Château,4137,true,matched_population_source
bridge_safe_2025_geography,56051,Momignies,Momignies,5213,true,matched_population_source
bridge_safe_2025_geography,56078,Thuin,Thuin,14864,true,matched_population_source
bridge_safe_2025_geography,56086,Ham-sur-Heure-Nalinnes,Ham-sur-Heure-Nalinnes,13838,true,matched_population_source
bridge_safe_2025_geography,56088,Sivry-Rance,Sivry-Rance,4862,true,matched_population_source
bridge_safe_2025_geography,57003,Antoing,Antoing,7538,true,matched_population_source
bridge_safe_2025_geography,57018,Celles (lez-Tournai),Celles,5775,true,matched_population_source
bridge_safe_2025_geography,57027,Estaimpuis,Estaimpuis,10878,true,matched_population_source
bridge_safe_2025_geography,57062,Pecq,Pecq,5899,true,matched_population_source
bridge_safe_2025_geography,57064,Peruwelz,Péruwelz,17350,true,matched_population_source
bridge_safe_2025_geography,57072,Rumes,Rumes,5345,true,matched_population_source
bridge_safe_2025_geography,57081,Tournai,Tournai,68991,true,matched_population_source
bridge_safe_2025_geography,57093,Brunehaut,Brunehaut,8129,true,matched_population_source
bridge_safe_2025_geography,57094,Leuze-en-Hainaut,Leuze-en-Hainaut,14200,true,matched_population_source
bridge_safe_2025_geography,57095,Mont-de-l'Enclus,Mont-de-l’Enclus,3838,true,matched_population_source
bridge_safe_2025_geography,57096,Mouscron,Mouscron,60304,true,matched_population_source
bridge_safe_2025_geography,57097,Comines-Warneton,Comines-Warneton,18337,true,matched_population_source
bridge_safe_2025_geography,58001,La Louvière,La Louvière,81674,true,matched_population_source
bridge_safe_2025_geography,58002,Binche,Binche,33784,true,matched_population_source
bridge_safe_2025_geography,58003,Estinnes,Estinnes,7947,true,matched_population_source
bridge_safe_2025_geography,58004,Morlanwelz,Morlanwelz,19113,true,matched_population_source
bridge_safe_2025_geography,61003,Amay,Amay,14494,true,matched_population_source
bridge_safe_2025_geography,61010,Burdinne,Burdinne,3334,true,matched_population_source
bridge_safe_2025_geography,61012,Clavier,Clavier,4989,true,matched_population_source
bridge_safe_2025_geography,61019,Ferrieres,Ferrières,5156,true,matched_population_source
bridge_safe_2025_geography,61024,Hamoir,Hamoir,3776,true,matched_population_source
bridge_safe_2025_geography,61028,Heron,Héron,5599,true,matched_population_source
bridge_safe_2025_geography,61031,Huy,Huy,21850,true,matched_population_source
bridge_safe_2025_geography,61039,Marchin,Marchin,5636,true,matched_population_source
bridge_safe_2025_geography,61041,Modave,Modave,4169,true,matched_population_source
bridge_safe_2025_geography,61043,Nandrin,Nandrin,5755,true,matched_population_source
bridge_safe_2025_geography,61048,Ouffet,Ouffet,2822,true,matched_population_source
bridge_safe_2025_geography,61063,Verlaine,Verlaine,4414,true,matched_population_source
bridge_safe_2025_geography,61068,Villers-le-Bouillet,Villers-Le-Bouillet,6869,true,matched_population_source
bridge_safe_2025_geography,61072,Wanze,Wanze,14005,true,matched_population_source
bridge_safe_2025_geography,61079,Anthisnes,Anthisnes,4204,true,matched_population_source
bridge_safe_2025_geography,61080,Engis,Engis,6391,true,matched_population_source
bridge_safe_2025_geography,61081,Tinlot,Tinlot,2782,true,matched_population_source
bridge_safe_2025_geography,62003,Ans,Ans,29110,true,matched_population_source
bridge_safe_2025_geography,62006,Awans,Awans,9373,true,matched_population_source
bridge_safe_2025_geography,62009,Aywaille,Aywaille,12969,true,matched_population_source
bridge_safe_2025_geography,62011,Bassenge,Bassenge,9053,true,matched_population_source
bridge_safe_2025_geography,62015,Beyne-Heusay,Beyne-Heusay,11977,true,matched_population_source
bridge_safe_2025_geography,62022,Chaudfontaine,Chaudfontaine,20523,true,matched_population_source
bridge_safe_2025_geography,62026,Comblain-au-Pont,Comblain-au-Pont,5366,true,matched_population_source
bridge_safe_2025_geography,62027,Dalhem,Dalhem,7711,true,matched_population_source
bridge_safe_2025_geography,62032,Esneux,Esneux,12794,true,matched_population_source
bridge_safe_2025_geography,62038,Fleron,Fléron,16374,true,matched_population_source
bridge_safe_2025_geography,62051,Herstal,Herstal,40834,true,matched_population_source
bridge_safe_2025_geography,62060,Juprelle,Juprelle,9906,true,matched_population_source
bridge_safe_2025_geography,62063,Liege,Liège,197323,true,matched_population_source
bridge_safe_2025_geography,62079,Oupeye,Oupeye,25846,true,matched_population_source
bridge_safe_2025_geography,62093,Saint-Nicolas (Liège),Saint-Nicolas,24517,true,matched_population_source
bridge_safe_2025_geography,62096,Seraing,Seraing,64609,true,matched_population_source
bridge_safe_2025_geography,62099,Soumagne,Soumagne,17265,true,matched_population_source
bridge_safe_2025_geography,62100,Sprimont,Sprimont,15171,true,matched_population_source
bridge_safe_2025_geography,62108,Vise,Visé,18110,true,matched_population_source
bridge_safe_2025_geography,62118,Grace-Hollogne,Grâce-Hollogne,23416,true,matched_population_source
bridge_safe_2025_geography,62119,Blegny,Blegny,13579,true,matched_population_source
bridge_safe_2025_geography,62120,Flemalle,Flémalle,27045,true,matched_population_source
bridge_safe_2025_geography,62121,Neupre,Neupré,9952,true,matched_population_source
bridge_safe_2025_geography,62122,Trooz,Trooz,8200,true,matched_population_source
bridge_safe_2025_geography,63001,Amel,Amblève,5608,true,matched_population_source
bridge_safe_2025_geography,63003,Aubel,Aubel,4288,true,matched_population_source
bridge_safe_2025_geography,63004,Baelen,Baelen,4529,true,matched_population_source
bridge_safe_2025_geography,63012,Bullange,Bullange,5533,true,matched_population_source
bridge_safe_2025_geography,63013,Butgenbach,Butgenbach,5586,true,matched_population_source
bridge_safe_2025_geography,63020,Dison,Dison,15226,true,matched_population_source
bridge_safe_2025_geography,63023,Eupen,Eupen,20053,true,matched_population_source
bridge_safe_2025_geography,63035,Herve,Herve,17784,true,matched_population_source
bridge_safe_2025_geography,63038,Jalhay,Jalhay,8770,true,matched_population_source
bridge_safe_2025_geography,63040,La Calamine,La Calamine,11338,true,matched_population_source
bridge_safe_2025_geography,63045,Lierneux,Lierneux,3611,true,matched_population_source
bridge_safe_2025_geography,63046,Limbourg,Limbourg,5689,true,matched_population_source
bridge_safe_2025_geography,63048,Lontzen,Lontzen,6092,true,matched_population_source
bridge_safe_2025_geography,63049,Malmedy,Malmedy,12991,true,matched_population_source
bridge_safe_2025_geography,63057,Olne,Olne,4172,true,matched_population_source
bridge_safe_2025_geography,63058,Pepinster,Pepinster,9294,true,matched_population_source
bridge_safe_2025_geography,63061,Raeren,Raeren,11185,true,matched_population_source
bridge_safe_2025_geography,63067,Saint-Vith,Saint-Vith,10180,true,matched_population_source
bridge_safe_2025_geography,63072,Spa,Spa,9806,true,matched_population_source
bridge_safe_2025_geography,63073,Stavelot,Stavelot,7279,true,matched_population_source
bridge_safe_2025_geography,63075,Stoumont,Stoumont,3233,true,matched_population_source
bridge_safe_2025_geography,63076,Theux,Theux,12144,true,matched_population_source
bridge_safe_2025_geography,63079,Verviers,Verviers,56127,true,matched_population_source
bridge_safe_2025_geography,63080,Waimes,Waimes,7560,true,matched_population_source
bridge_safe_2025_geography,63084,Welkenraedt,Welkenraedt,10521,true,matched_population_source
bridge_safe_2025_geography,63086,Trois-Ponts,Trois-Ponts,2566,true,matched_population_source
bridge_safe_2025_geography,63087,Burg-Reuland,Burg-Reuland,3962,true,matched_population_source
bridge_safe_2025_geography,63088,Plombieres,Plombières,10814,true,matched_population_source
bridge_safe_2025_geography,63089,Thimister-Clermont,Thimister-Clermont,5584,true,matched_population_source
bridge_safe_2025_geography,64008,Berloz,Berloz,3394,true,matched_population_source
bridge_safe_2025_geography,64015,Braives,Braives,6476,true,matched_population_source
bridge_safe_2025_geography,64021,Crisnee,Crisnée,3573,true,matched_population_source
bridge_safe_2025_geography,64023,Donceel,Donceel,3128,true,matched_population_source
bridge_safe_2025_geography,64025,Fexhe-le-Haut-Clocher,Fexhe-le-Haut-Clocher,3399,true,matched_population_source
bridge_safe_2025_geography,64029,Geer,Geer,3571,true,matched_population_source
bridge_safe_2025_geography,64034,Hannut,Hannut,17202,true,matched_population_source
bridge_safe_2025_geography,64047,Lincent,Lincent,3375,true,matched_population_source
bridge_safe_2025_geography,64056,Oreye,Oreye,4062,true,matched_population_source
bridge_safe_2025_geography,64063,Remicourt,Remicourt,6023,true,matched_population_source
bridge_safe_2025_geography,64065,Saint-Georges-sur-Meuse,Saint-Georges-sur-Meuse,7184,true,matched_population_source
bridge_safe_2025_geography,64074,Waremme,Waremme,15366,true,matched_population_source
bridge_safe_2025_geography,64075,Wasseiges,Wasseiges,3187,true,matched_population_source
bridge_safe_2025_geography,64076,Faimes,Faimes,4192,true,matched_population_source
bridge_safe_2025_geography,71002,As,As,8298,true,matched_population_source
bridge_safe_2025_geography,71004,Beringen,Beringen,48755,true,matched_population_source
bridge_safe_2025_geography,71011,Diepenbeek,Diepenbeek,19788,true,matched_population_source
bridge_safe_2025_geography,71016,Genk,Genk,68058,true,matched_population_source
bridge_safe_2025_geography,71017,Gingelom,Gingelom,8788,true,matched_population_source
bridge_safe_2025_geography,71020,Halen,Halen,9490,true,matched_population_source
bridge_safe_2025_geography,71024,Herk-de-Stad,Herck-la-Ville,12927,true,matched_population_source
bridge_safe_2025_geography,71034,Leopoldsburg,Bourg-Léopold,16858,true,matched_population_source
bridge_safe_2025_geography,71037,Lummen,Lummen,15347,true,matched_population_source
bridge_safe_2025_geography,71045,Nieuwerkerken,Nieuwerkerken,7328,true,matched_population_source
bridge_safe_2025_geography,71053,Sint-Truiden,Saint-Trond,41743,true,matched_population_source
bridge_safe_2025_geography,71066,Zonhoven,Zonhoven,21923,true,matched_population_source
bridge_safe_2025_geography,71067,Zutendaal,Zutendaal,7404,true,matched_population_source
bridge_safe_2025_geography,71070,Heusden-Zolder,Heusden-Zolder,34985,true,matched_population_source
bridge_safe_2025_geography,71071,Tessenderlo-Ham,Tessenderlo-Ham,30645,true,matched_population_source
bridge_safe_2025_geography,71072,Hasselt,Hasselt,90249,true,matched_population_source
bridge_safe_2025_geography,72003,Bocholt,Bocholt,13875,true,matched_population_source
bridge_safe_2025_geography,72004,Bree,Bree,17210,true,matched_population_source
bridge_safe_2025_geography,72018,Kinrooi,Kinrooi,12527,true,matched_population_source
bridge_safe_2025_geography,72020,Lommel,Lommel,35208,true,matched_population_source
bridge_safe_2025_geography,72021,Maaseik,Maaseik,25828,true,matched_population_source
bridge_safe_2025_geography,72030,Peer,Peer,16685,true,matched_population_source
bridge_safe_2025_geography,72037,Hamont-Achel,Hamont-Achel,14568,true,matched_population_source
bridge_safe_2025_geography,72038,Hechtel-Eksel,Hechtel-Eksel,13105,true,matched_population_source
bridge_safe_2025_geography,72039,Houthalen-Helchteren,Houthalen-Helchteren,30945,true,matched_population_source
bridge_safe_2025_geography,72041,Dilsen-Stokkem,Dilsen-Stokkem,21486,true,matched_population_source
bridge_safe_2025_geography,72042,Oudsbergen,Oudsbergen,23871,true,matched_population_source
bridge_safe_2025_geography,72043,Pelt,Pelt,34635,true,matched_population_source
bridge_safe_2025_geography,73001,Alken,Alken,11937,true,matched_population_source
bridge_safe_2025_geography,73022,Heers,Heers,7574,true,matched_population_source
bridge_safe_2025_geography,73028,Herstappe,Herstappe,75,true,matched_population_source
bridge_safe_2025_geography,73042,Lanaken,Lanaken,26457,true,matched_population_source
bridge_safe_2025_geography,73066,Riemst,Riemst,16938,true,matched_population_source
bridge_safe_2025_geography,73098,Wellen,Wellen,7479,true,matched_population_source
bridge_safe_2025_geography,73107,Maasmechelen,Maasmechelen,40486,true,matched_population_source
bridge_safe_2025_geography,73109,Fourons,Fourons,4412,true,matched_population_source
bridge_safe_2025_geography,73110,Bilzen-Hoeselt,Bilzen-Hoeselt,43052,true,matched_population_source
bridge_safe_2025_geography,73111,Tongeren-Borgloon,Tongres-Looz,43980,true,matched_population_source
bridge_safe_2025_geography,81001,Arlon,Arlon,31492,true,matched_population_source
bridge_safe_2025_geography,81003,Attert,Attert,5788,true,matched_population_source
bridge_safe_2025_geography,81004,Aubange,Aubange,17871,true,matched_population_source
bridge_safe_2025_geography,81013,Martelange,Martelange,2124,true,matched_population_source
bridge_safe_2025_geography,81015,Messancy,Messancy,8627,true,matched_population_source
bridge_safe_2025_geography,82009,Fauvillers,Fauvillers,2512,true,matched_population_source
bridge_safe_2025_geography,82014,Houffalize,Houffalize,5336,true,matched_population_source
bridge_safe_2025_geography,82032,Vielsalm,Vielsalm,7853,true,matched_population_source
bridge_safe_2025_geography,82036,Vaux-sur-Sure,Vaux-sur-Sûre,6352,true,matched_population_source
bridge_safe_2025_geography,82037,Gouvy,Gouvy,5452,true,matched_population_source
bridge_safe_2025_geography,82038,Sainte-Ode,Sainte-Ode,2687,true,matched_population_source
bridge_safe_2025_geography,82039,Bastenaken,Bastogne,20940,true,matched_population_source
bridge_safe_2025_geography,83012,Durbuy,Durbuy,11511,true,matched_population_source
bridge_safe_2025_geography,83013,Erezee,Erezée,3356,true,matched_population_source
bridge_safe_2025_geography,83028,Hotton,Hotton,5682,true,matched_population_source
bridge_safe_2025_geography,83031,La Roche-en-Ardenne,La Roche-en-Ardenne,4067,true,matched_population_source
bridge_safe_2025_geography,83034,Marche-en-Famenne,Marche-en-Famenne,17946,true,matched_population_source
bridge_safe_2025_geography,83040,Nassogne,Nassogne,5716,true,matched_population_source
bridge_safe_2025_geography,83044,Rendeux,Rendeux,2717,true,matched_population_source
bridge_safe_2025_geography,83049,Tenneville,Tenneville,2876,true,matched_population_source
bridge_safe_2025_geography,83055,Manhay,Manhay,3762,true,matched_population_source
bridge_safe_2025_geography,84009,Bertrix,Bertrix,9057,true,matched_population_source
bridge_safe_2025_geography,84010,Bouillon,Bouillon,5351,true,matched_population_source
bridge_safe_2025_geography,84016,Daverdisse,Daverdisse,1416,true,matched_population_source
bridge_safe_2025_geography,84029,Herbeumont,Herbeumont,1743,true,matched_population_source
bridge_safe_2025_geography,84033,Leglise,Léglise,5868,true,matched_population_source
bridge_safe_2025_geography,84035,Libin,Libin,5367,true,matched_population_source
bridge_safe_2025_geography,84043,Neufchateau,Neufchâteau,8350,true,matched_population_source
bridge_safe_2025_geography,84050,Paliseul,Paliseul,5530,true,matched_population_source
bridge_safe_2025_geography,84059,Saint-Hubert,Saint-Hubert,5691,true,matched_population_source
bridge_safe_2025_geography,84068,Tellin,Tellin,2519,true,matched_population_source
bridge_safe_2025_geography,84075,Wellin,Wellin,3207,true,matched_population_source
bridge_safe_2025_geography,84077,Libramont-Chevigny,Libramont-Chevigny,12033,true,matched_population_source
bridge_safe_2025_geography,85007,Chiny,Chiny,5265,true,matched_population_source
bridge_safe_2025_geography,85009,Etalle,Etalle,6035,true,matched_population_source
bridge_safe_2025_geography,85011,Florenville,Florenville,5705,true,matched_population_source
bridge_safe_2025_geography,85024,Meix-Devant-Virton,Meix-devant-Virton,2849,true,matched_population_source
bridge_safe_2025_geography,85026,Musson,Musson,4708,true,matched_population_source
bridge_safe_2025_geography,85034,Saint-Leger,Saint-Léger,3809,true,matched_population_source
bridge_safe_2025_geography,85039,Tintigny,Tintigny,4593,true,matched_population_source
bridge_safe_2025_geography,85045,Virton,Virton,11466,true,matched_population_source
bridge_safe_2025_geography,85046,Habay,Habay,8668,true,matched_population_source
bridge_safe_2025_geography,85047,Rouvroy,Rouvroy,2111,true,matched_population_source
bridge_safe_2025_geography,91005,Anhee,Anhée,7109,true,matched_population_source
bridge_safe_2025_geography,91013,Beauraing,Beauraing,9496,true,matched_population_source
bridge_safe_2025_geography,91015,Bievre,Bièvre,3467,true,matched_population_source
bridge_safe_2025_geography,91030,Ciney,Ciney,17220,true,matched_population_source
bridge_safe_2025_geography,91034,Dinant,Dinant,13261,true,matched_population_source
bridge_safe_2025_geography,91054,Gedinne,Gedinne,4661,true,matched_population_source
bridge_safe_2025_geography,91059,Hamois,Hamois,7438,true,matched_population_source
bridge_safe_2025_geography,91064,Havelange,Havelange,5461,true,matched_population_source
bridge_safe_2025_geography,91072,Houyet,Houyet,5215,true,matched_population_source
bridge_safe_2025_geography,91103,Onhaye,Onhaye,3243,true,matched_population_source
bridge_safe_2025_geography,91114,Rochefort,Rochefort,12772,true,matched_population_source
bridge_safe_2025_geography,91120,Somme-Leuze,Somme-Leuze,6191,true,matched_population_source
bridge_safe_2025_geography,91141,Yvoir,Yvoir,9210,true,matched_population_source
bridge_safe_2025_geography,91142,Hastiere,Hastière,6081,true,matched_population_source
bridge_safe_2025_geography,91143,Vresse-sur-Semois,Vresse-sur-Semois,2549,true,matched_population_source
bridge_safe_2025_geography,92003,Andenne,Andenne,28231,true,matched_population_source
bridge_safe_2025_geography,92006,Assesse,Assesse,7343,true,matched_population_source
bridge_safe_2025_geography,92035,Eghezee,Eghezée,16954,true,matched_population_source
bridge_safe_2025_geography,92045,Floreffe,Floreffe,8083,true,matched_population_source
bridge_safe_2025_geography,92048,Fosses-la-Ville,Fosses-la-Ville,10436,true,matched_population_source
bridge_safe_2025_geography,92054,Gesves,Gesves,7445,true,matched_population_source
bridge_safe_2025_geography,92087,Mettet,Mettet,13613,true,matched_population_source
bridge_safe_2025_geography,92094,Namur,Namur,115029,true,matched_population_source
bridge_safe_2025_geography,92097,Ohey,Ohey,5316,true,matched_population_source
bridge_safe_2025_geography,92101,Profondeville,Profondeville,12322,true,matched_population_source
bridge_safe_2025_geography,92114,Sombreffe,Sombreffe,8384,true,matched_population_source
bridge_safe_2025_geography,92137,Sambreville,Sambreville,28638,true,matched_population_source
bridge_safe_2025_geography,92138,Fernelmont,Fernelmont,8175,true,matched_population_source
bridge_safe_2025_geography,92140,Jemeppe-sur-Sambre,Jemeppe-sur-Sambre,19225,true,matched_population_source
bridge_safe_2025_geography,92141,la Bruyere,La Bruyère,9397,true,matched_population_source
bridge_safe_2025_geography,92142,Gembloux,Gembloux,26550,true,matched_population_source
bridge_safe_2025_geography,93010,Cerfontaine,Cerfontaine,4989,true,matched_population_source
bridge_safe_2025_geography,93014,Couvin,Couvin,13919,true,matched_population_source
bridge_safe_2025_geography,93018,Doische,Doische,2973,true,matched_population_source
bridge_safe_2025_geography,93022,Florennes,Florennes,11394,true,matched_population_source
bridge_safe_2025_geography,93056,Philippeville,Philippeville,9589,true,matched_population_source
bridge_safe_2025_geography,93088,Walcourt,Walcourt,18353,true,matched_population_source
bridge_safe_2025_geography,93090,Viroinval,Viroinval,5616,true,matched_population_source
active_2025_refnis_extra_not_in_first_bridge_safe_layer,23098,,Drogenbos,6040,true,extra_population_row_facility_language_layer_or_non_runtime
active_2025_refnis_extra_not_in_first_bridge_safe_layer,23099,,Kraainem,13940,true,extra_population_row_facility_language_layer_or_non_runtime
active_2025_refnis_extra_not_in_first_bridge_safe_layer,23100,,Linkebeek,4646,true,extra_population_row_facility_language_layer_or_non_runtime
active_2025_refnis_extra_not_in_first_bridge_safe_layer,23101,,Rhode-Saint-Genèse,18700,true,extra_population_row_facility_language_layer_or_non_runtime
active_2025_refnis_extra_not_in_first_bridge_safe_layer,23102,,Wemmel,18292,true,extra_population_row_facility_language_layer_or_non_runtime
active_2025_refnis_extra_not_in_first_bridge_safe_layer,23103,,Wezembeek-Oppem,14760,true,extra_population_row_facility_language_layer_or_non_runtime
